name.1,wmc,dit,noc,cbo,rfc,lcom,ca,ce,npm,lcom3,loc,dam,moa,mfa,cam,ic,cbm,amc,max_cc,avg_cc,vector_1,vector_2,vector_3,vector_4,vector_5,vector_6,vector_7,vector_8,vector_9,vector_10,vector_11,vector_12,vector_13,vector_14,vector_15,vector_16,vector_17,vector_18,vector_19,vector_20,bug
org.apache.synapse.config.xml.ProxyServiceFactory,6,1,0,12,65,3,1,11,2,0.7,585,0.5,0,0.0,0.3,0,0,96.16666667,39,7.0,0.006094092037528753,-0.04229162260890007,-0.04111972451210022,-0.001155078411102295,0.006186437793076038,-0.028716903179883957,-0.02362636849284172,-0.03673037141561508,0.04164307564496994,0.0006064891931600869,-0.02254699543118477,0.02850852534174919,0.04590007662773132,-0.02049935981631279,0.03982340544462204,0.02687717042863369,0.029395615682005882,0.002562951995059848,0.04106541723012924,-0.035095203667879105,0
org.apache.synapse.config.xml.OutMediatorFactory,4,3,0,5,9,4,0,5,3,0.666666667,30,1.0,0,0.6,0.666666667,0,0,6.25,1,0.5,0.0013915837043896317,0.024821793660521507,0.03849154710769653,-0.0057211159728467464,0.0216171033680439,-0.029071897268295288,-0.004020953085273504,0.040500253438949585,-0.01180032454431057,-0.04831727594137192,0.028896301984786987,-0.019649112597107887,-0.006114363670349121,0.04990258812904358,-0.011281752958893776,-0.023785322904586792,-0.026646936312317848,0.03490445017814636,-0.028544360771775246,0.010568315163254738,0
org.apache.synapse.config.xml.FaultMediatorFactory,5,2,0,11,41,6,0,11,3,0.846153846,423,0.923076923,0,0.25,0.416666667,0,0,81.0,17,3.8,-0.036929965019226074,0.00819411315023899,0.014882815070450306,-0.04283514618873596,0.02477901056408882,0.01216704212129116,0.03748956322669983,0.02522149123251438,-0.015158581547439098,-0.03581468388438225,0.03548106551170349,0.009507673792541027,0.02599617838859558,0.03190554305911064,0.009561395272612572,-0.030638057738542557,-3.148317409795709e-05,0.04134149104356766,-0.030492741614580154,0.047191403806209564,0
org.apache.synapse.statistics.impl.SequenceStatisticsStack,6,1,0,6,22,0,4,3,5,0.0,154,1.0,0,0.0,0.5,0,0,24.5,7,3.0,-0.02658817730844021,0.0059448122046887875,-0.008966070599853992,-0.018163174390792847,-0.03507189825177193,0.04827215522527695,0.01487913727760315,-0.011406123638153076,-0.02092044986784458,0.03856893628835678,-0.03240927308797836,0.015607714653015137,0.003936785273253918,0.04161440208554268,0.034180887043476105,-0.014543235301971436,0.01267549954354763,-0.008330362848937511,-0.04727330803871155,-0.013067305088043213,0
org.apache.synapse.config.XMLToObjectMapper,1,1,0,9,1,0,8,1,1,2.0,1,0.0,0,0.0,1.0,0,0,0.0,1,1.0,0.017804693430662155,-0.01369566936045885,-0.008552735671401024,0.038263965398073196,0.007038390729576349,-0.029252242296934128,-0.03917248174548149,0.006163435988128185,0.03227315470576286,0.02778174914419651,-0.04488524794578552,0.04296082258224487,0.020234888419508934,0.03734802454710007,0.04873167350888252,-0.03644790127873421,-0.045199811458587646,0.029180001467466354,0.04695606231689453,0.01753462478518486,0
org.apache.synapse.core.axis2.TimeoutHandler,4,2,0,4,22,2,1,3,2,0.555555556,139,1.0,0,0.5,0.625,0,0,33.0,4,1.75,0.029085468500852585,-0.016370177268981934,-0.009126412682235241,-0.03128696605563164,-0.021477872505784035,0.01687180995941162,-0.0324387326836586,-0.03308080509305,0.040557097643613815,0.04752730578184128,0.04070292040705681,0.0075521706603467464,-0.043979447335004807,-0.03798583149909973,0.007860392332077026,-0.04763815551996231,-0.03705104440450668,0.010120618157088757,-0.014605844393372536,-0.045785050839185715,1
org.apache.synapse.mediators.builtin.LogMediator,18,2,0,13,60,65,3,10,9,0.903743316,454,0.454545455,0,0.272727273,0.25210084,0,0,23.61111111,7,1.8889,-0.03250012919306755,-0.0037453710101544857,-0.011815106496214867,0.03407759591937065,0.04618296027183533,-0.004548794124275446,0.007064121775329113,0.010101783089339733,-0.01009899377822876,-0.040171705186367035,0.037205249071121216,-0.02148950658738613,0.02288259193301201,0.04544851928949356,0.01521611213684082,0.01569395139813423,0.020309144631028175,-0.013506084680557251,0.019123846665024757,0.0016881168121472,0
org.apache.synapse.config.xml.AnonymousListMediator,2,3,0,7,4,1,5,2,2,2.0,9,0.0,0,0.933333333,0.75,0,0,3.5,1,0.5,-0.004179662559181452,-0.03628100827336311,0.03393518179655075,0.005598098039627075,0.02914433553814888,0.007364332675933838,0.003946828655898571,-0.03684064745903015,-0.010883289389312267,0.021605396643280983,-0.025426572188735008,0.005653947591781616,0.01441681943833828,-0.007681804709136486,0.04966147616505623,0.04174817353487015,0.012078332714736462,0.03559122607111931,0.02945718728005886,-0.027903085574507713,0
org.apache.synapse.registry.AbstractRegistry,8,1,1,10,41,20,1,9,5,0.857142857,220,0.666666667,0,0.0,0.357142857,0,0,26.125,14,2.375,0.0446481928229332,0.029236847534775734,0.03454926609992981,-0.04785456508398056,0.0024623393546789885,-0.046103157103061676,-0.018330086022615433,0.0012658477062359452,-0.0014020323287695646,0.0073264120146632195,0.01638771966099739,0.010634636506438255,0.026599233970046043,0.03760247677564621,-0.029428446665406227,0.039786577224731445,0.029957538470625877,0.04892944172024727,0.023119289427995682,-0.016636377200484276,0
org.apache.synapse.statistics.Statistics,7,1,0,1,8,0,1,0,7,0.722222222,104,1.0,0,0.0,0.428571429,0,0,13.0,5,1.4286,0.015341144986450672,0.029063070192933083,-0.044196855276823044,0.04562373831868172,0.03409741446375847,0.04255221411585808,-0.041131310164928436,0.030877698212862015,0.03314535692334175,-0.00678821187466383,-0.031469326466321945,0.026633400470018387,-0.0342978909611702,-0.026616770774126053,0.017558449879288673,0.04040486365556717,0.04346346855163574,-0.02202657423913479,-0.04594384878873825,0.04803847149014473,0
org.apache.synapse.config.xml.endpoints.EndpointSerializer,1,1,0,12,1,0,10,2,1,2.0,1,0.0,0,0.0,1.0,0,0,0.0,1,1.0,0.03692891448736191,-0.03362583369016647,0.027922403067350388,-0.04761112481355667,-0.0040222941897809505,-0.04344368726015091,-0.02549336478114128,0.04644613340497017,-0.009291308932006359,0.01457213144749403,0.045356400310993195,0.04469066113233566,-0.04104217141866684,-0.015061569400131702,0.04943303018808365,0.025522153824567795,-0.007940435782074928,-0.04346010833978653,0.014807581901550293,-0.033379487693309784,0
org.apache.synapse.mediators.filters.OutMediator,5,3,0,7,17,8,2,5,3,0.833333333,89,0.666666667,0,0.823529412,0.5,2,2,16.2,6,1.6,0.009001153521239758,0.03523045778274536,0.014723491854965687,-0.034904249012470245,0.03856338933110237,-0.029944634065032005,0.044988542795181274,0.014796024188399315,-0.020076464861631393,-0.023444969207048416,-0.02208361029624939,-0.030732285231351852,0.04689370468258858,-0.013247978873550892,0.0388621985912323,-0.04840167611837387,0.01054395455867052,-0.006168073508888483,0.037721145898103714,-0.045273005962371826,0
org.apache.synapse.config.xml.DropMediatorFactory,4,2,0,4,8,4,0,4,3,0.666666667,27,1.0,0,0.333333333,0.666666667,0,0,5.5,1,0.5,0.010207504034042358,-0.019243817776441574,-0.025408750399947166,-0.015258264727890491,0.03943932056427002,-0.030952174216508865,-0.0145751116797328,0.0459551103413105,0.017283279448747635,0.030363058671355247,-0.04016408324241638,-0.003757524536922574,0.027612239122390747,-0.023572344332933426,0.03739246726036072,0.046597957611083984,-0.0020468414295464754,-0.010318005457520485,-0.0029667913913726807,-0.028929447755217552,0
org.apache.synapse.config.xml.AbstractMediatorSerializer,8,1,11,25,35,20,11,14,4,0.685714286,183,0.8,0,0.0,0.333333333,0,0,21.25,5,1.75,-0.025781214237213135,-0.03334168717265129,-0.03888417407870293,0.04155363887548447,-0.009911710396409035,-0.03427481651306152,-0.020771944895386696,0.025720631703734398,-0.014345681294798851,-0.01874830201268196,0.008107125759124756,-0.013881469145417213,-0.007921802811324596,0.005372458603233099,-0.014889722689986229,0.04259641095995903,0.01955467462539673,-0.04979431629180908,0.03129800036549568,-0.033771269023418427,0
org.apache.synapse.core.axis2.AnonymousServiceFactory,6,1,0,15,32,9,1,14,2,1.0,230,0.777777778,1,0.0,0.32,0,0,35.83333333,14,2.8333,0.0022729516495019197,0.03586576133966446,-0.0077378153800964355,0.03746833652257919,-0.0002131581277353689,-0.030386805534362793,-0.023579251021146774,0.048142123967409134,0.0029053092002868652,0.005137002561241388,0.04225143790245056,-0.03144202381372452,-0.008819294162094593,-0.04089459776878357,-0.03337377309799194,-0.04290243238210678,0.01965305209159851,0.013696730136871338,0.02807706594467163,0.012858790345489979,0
org.apache.synapse.config.xml.endpoints.utils.WSDL20EndpointBuilder,1,1,0,0,2,0,0,0,1,2.0,4,0.0,0,0.0,1.0,0,0,3.0,0,0.0,-0.03510148450732231,0.042726874351501465,0.0032731115352362394,0.02202853560447693,-0.015062200836837292,-0.02713867463171482,-0.044737666845321655,-0.0030623674392700195,-0.025511186569929123,-0.015380173921585083,0.04055727273225784,-0.03823954984545708,-0.031546395272016525,-0.026318389922380447,-0.033018700778484344,-0.04420311376452446,-0.005550205707550049,0.04722989350557327,0.0401826873421669,-0.02637048438191414,0
org.apache.synapse.core.axis2.AsyncCallback,9,2,0,6,10,22,3,3,9,0.791666667,47,0.666666667,1,0.333333333,0.277777778,0,0,3.888888889,1,0.8889,0.0015638887416571379,-0.028734052553772926,-0.005548298358917236,-0.021030467003583908,-0.04319412633776665,0.005310481879860163,0.02955545112490654,-0.01105484925210476,-0.03585408255457878,0.015767186880111694,-0.0019234300125390291,-0.027605712413787842,-0.005528145935386419,-0.003198272082954645,-0.01591544784605503,-0.0497753843665123,0.03819296881556511,0.01863003894686699,-0.012646066956222057,0.03653587028384209,0
org.apache.synapse.endpoints.WSDLEndpoint,23,2,0,15,59,203,3,12,21,0.924242424,350,0.916666667,2,0.16,0.210227273,1,1,13.69565217,13,1.6957,0.04959150031208992,-0.045161325484514236,-0.021560877561569214,0.009644633159041405,-0.014987153001129627,0.007228916976600885,-0.018404221162199974,-0.004470854997634888,-0.028636831790208817,-0.04910506680607796,0.03169599175453186,0.0019182742107659578,0.03254758194088936,-0.037363141775131226,0.018317753449082375,-0.04948943108320236,0.03805365413427353,0.02962273359298706,-0.030587399378418922,0.04106529802083969,0
org.apache.synapse.config.xml.ClassMediatorSerializer,6,2,0,11,26,13,0,11,3,0.866666667,105,0.333333333,0,0.6,0.4,1,2,16.0,4,1.3333,-0.009721082635223866,-0.026337604969739914,0.04723556712269783,-0.046493660658597946,0.022519737482070923,0.0270208902657032,-0.007046312093734741,0.0450354628264904,0.04942680150270462,-0.02737521566450596,-0.030105000361800194,-0.03373486548662186,-0.03947440907359123,-0.015239584259688854,-0.02797013521194458,-0.041723400354385376,0.003914511296898127,0.014973282814025879,0.032073717564344406,-0.013144749216735363,0
org.apache.synapse.config.xml.endpoints.FailoverEndpointFactory,9,1,0,10,33,28,1,10,3,0.833333333,144,0.666666667,1,0.0,0.232142857,0,0,14.66666667,3,1.2222,0.04197961837053299,-0.0034066797234117985,0.04572204500436783,-0.040791105479002,0.018715422600507736,0.01317521370947361,0.0037135661114007235,0.011638378724455833,-0.03734546899795532,-0.04679187014698982,0.011772883124649525,0.030742276459932327,0.03992844372987747,0.02867947146296501,-0.0038866817485541105,0.041530825197696686,-0.04668157175183296,0.017030661925673485,0.0013337671989575028,0.019286220893263817,0
org.apache.synapse.mediators.transform.XSLTMediator,15,2,0,17,68,43,2,15,9,0.825396825,473,0.777777778,0,0.315789474,0.223214286,0,0,29.93333333,10,1.8,-0.0031675815116614103,0.017466217279434204,-0.04221133142709732,0.04408616945147514,-0.007243722677230835,-0.02665463648736477,0.02027234435081482,-0.00967745203524828,-0.03882741183042526,-0.02248399332165718,-0.001938635134138167,-0.044732362031936646,0.0028528154361993074,0.0122089684009552,-0.016126364469528198,0.012852001003921032,0.01240398921072483,0.049941081553697586,0.007152527570724487,0.010102689266204834,1
org.apache.synapse.endpoints.SALoadbalanceEndpoint,19,1,0,16,50,105,4,12,15,0.87037037,279,0.888888889,3,0.0,0.222222222,0,0,13.21052632,7,1.4737,0.034190256148576736,-0.020098870620131493,0.028711725026369095,0.003942596726119518,-0.025053417310118675,-0.006748783402144909,-0.024491822347044945,0.030673885717988014,0.009809327311813831,-0.04159969836473465,-0.0007313013193197548,-0.013238703832030296,0.03303263336420059,-0.0057284473441541195,0.03833051398396492,0.009741378016769886,-0.019152600318193436,0.04079078882932663,0.014747679233551025,-0.019850188866257668,0
org.apache.synapse.config.xml.endpoints.IndirectEndpointFactory,8,1,0,9,21,20,1,8,3,0.80952381,88,0.666666667,1,0.0,0.238095238,0,0,9.625,2,0.875,-0.044784992933273315,-0.003675997257232666,0.040762532502412796,0.0384521484375,-0.03603057935833931,-0.018334155902266502,0.015592759475111961,-0.047853611409664154,0.007382196374237537,0.032622329890728,0.028732096776366234,-0.043815307319164276,-0.02258571982383728,-0.04070080444216728,0.0002297818718943745,0.046318165957927704,0.029866527765989304,0.02533653937280178,0.025305312126874924,-0.016214584931731224,0
org.apache.synapse.config.xml.XMLConfigurationBuilder,13,1,0,25,79,66,1,24,4,0.666666667,438,0.5,0,0.0,0.25,0,0,32.53846154,19,2.7692,0.041563767939805984,-0.01425392646342516,-0.019961565732955933,0.04448958486318588,0.010448229499161243,0.031244706362485886,-0.04722857475280762,0.0479506179690361,-0.006741541437804699,-0.03026057407259941,0.01496267318725586,-0.0022830546367913485,0.023532461374998093,-0.011415106244385242,-0.020689213648438454,0.011389493942260742,0.041771918535232544,-0.02497803047299385,0.013343393802642822,-0.03995277360081673,0
org.apache.synapse.config.xml.SendMediatorFactory,5,2,0,10,18,8,0,10,3,0.916666667,81,0.666666667,0,0.25,0.416666667,0,0,14.6,3,1.0,-0.042671672999858856,0.01603553257882595,-0.023189986124634743,-0.025444775819778442,0.01794809103012085,0.026851695030927658,0.03884757310152054,-0.028832530602812767,0.03716680407524109,0.03312747925519943,-0.018549000844359398,-0.04372821003198624,0.02718733623623848,0.032548777759075165,-0.003937751054763794,-0.03354927897453308,-0.03542962670326233,-0.012485301122069359,0.0257162693887949,-0.018326187506318092,0
org.apache.synapse.config.xml.InMediatorFactory,4,3,0,5,9,4,0,5,3,0.666666667,30,1.0,0,0.6,0.666666667,0,0,6.25,1,0.5,0.025227993726730347,0.033567607402801514,0.02257821522653103,0.04333577677607536,0.03737484663724899,-0.005409437231719494,0.043738193809986115,0.023008590564131737,0.027203166857361794,-0.006930422969162464,-0.01020659226924181,-0.022121727466583252,-0.042575985193252563,0.015188639983534813,0.04441596195101738,0.04459870979189873,-0.009711772203445435,0.030430788174271584,0.0188986174762249,-0.021479826420545578,0
org.apache.synapse.endpoints.dispatch.HttpSessionDispatcher,5,1,0,7,14,0,2,5,5,0.25,128,0.0,0,0.0,0.6,0,0,24.4,5,3.0,0.0025500059127807617,-0.03964809700846672,0.02324441634118557,0.046805672347545624,-0.0033981979358941317,-0.008814847096800804,-0.019065838307142258,-0.0024593831039965153,-0.03808717802166939,0.028446227312088013,0.007454431150108576,0.046463727951049805,-0.03212202340364456,-0.025446152314543724,-0.031173253431916237,-0.036383457481861115,0.013782834634184837,0.02447308972477913,0.006709849927574396,0.017703747376799583,0
org.apache.synapse.Constants,1,1,0,11,3,0,8,3,0,2.0,69,0.0,0,0.0,0.0,0,0,6.0,0,0.0,0.03207716345787048,-0.044755708426237106,-0.036727361381053925,-0.008755719289183617,0.008490043692290783,-0.005171102471649647,-0.02602136693894863,0.0328962579369545,0.043914057314395905,-0.037060488015413284,0.049027830362319946,0.03683323785662651,-0.037303626537323,-0.009499788284301758,0.02126019075512886,0.035298027098178864,-0.018318433314561844,-0.03486540913581848,0.023624176159501076,-0.045193035155534744,0
org.apache.synapse.config.xml.XMLConfigurationSerializer,8,1,0,21,44,24,0,21,2,0.885714286,243,0.8,0,0.0,0.261904762,0,0,28.75,2,1.125,0.04535074159502983,-0.011886251159012318,-0.004882550332695246,0.01756780780851841,0.04332543537020683,-0.029609262943267822,-0.034437887370586395,-0.014664923772215843,0.04573848098516464,0.004331338219344616,-0.04339200258255005,-0.007234895136207342,0.04739732667803764,-0.03774743527173996,-0.026790494099259377,0.04658281058073044,-0.044868629425764084,0.019129538908600807,0.0033272027503699064,0.033303506672382355,0
org.apache.synapse.config.xml.endpoints.EndpointFactory,1,1,0,14,1,0,11,3,1,2.0,1,0.0,0,0.0,1.0,0,0,0.0,1,1.0,0.00890995841473341,-0.03414449840784073,-0.048624057322740555,0.04520292207598686,0.030990272760391235,-0.03456463664770126,0.017017412930727005,0.0010303199524059892,0.023768728598952293,-0.0355997160077095,0.02013477124273777,0.021737169474363327,0.049786847084760666,-0.022368699312210083,-0.0069463192485272884,-0.03658660501241684,-0.04848914593458176,-0.04540128633379936,-0.005113774444907904,-0.03251644968986511,0
org.apache.synapse.config.xml.SendMediatorSerializer,6,2,0,13,24,13,0,13,3,0.866666667,98,0.333333333,0,0.6,0.4,1,2,14.83333333,4,1.3333,0.039490342140197754,-0.03494752198457718,-0.04577932506799698,-0.001778763486072421,-0.015499204397201538,0.039471585303545,0.029692869633436203,-0.007728314492851496,0.007554817013442516,0.008950203657150269,0.03908785432577133,-0.04755093529820442,-0.0010276555549353361,0.017345983535051346,-0.004694861359894276,0.041908860206604004,0.04505391791462898,0.03268253058195114,-0.0035581053234636784,0.038552023470401764,0
org.apache.synapse.config.SynapseConfiguration,32,1,0,29,76,172,13,17,29,0.824884793,561,0.714285714,1,0.0,0.225806452,0,0,16.3125,8,1.875,-0.007826942019164562,-0.0028614283073693514,-0.03131435438990593,0.03717023879289627,-0.03295746445655823,-0.03619638830423355,-0.013785731978714466,-0.007577002048492432,-0.03817858546972275,0.0034912049304693937,-0.02663055621087551,-0.00637772073969245,-0.03682555630803108,0.009802842512726784,0.01636599376797676,-0.0001156926155090332,-0.027241790667176247,-0.008630430325865746,0.03542458266019821,0.018681293353438377,0
org.apache.synapse.mediators.transform.HeaderMediator,15,2,0,18,58,43,2,16,10,0.873015873,459,0.666666667,0,0.315789474,0.224489796,0,0,29.0,23,2.6667,0.012850886210799217,0.004232645034790039,-0.012697202153503895,0.04678834229707718,0.013787543401122093,0.02047824300825596,-0.0059146760031580925,0.004522520117461681,0.033121537417173386,-0.003632503794506192,0.016707539558410645,-0.003360104514285922,0.026241987943649292,0.018199671059846878,0.012912648729979992,-0.026549464091658592,-0.023540502414107323,0.021540110930800438,-0.02953585423529148,-0.0009010314824990928,1
org.apache.synapse.config.xml.SequenceMediatorFactory,6,3,0,10,24,11,1,9,4,0.866666667,206,0.666666667,0,0.428571429,0.466666667,1,1,32.83333333,9,2.8333,0.0117418821901083,-0.022595161572098732,0.04194365814328194,-0.049290817230939865,0.033823203295469284,0.014572083950042725,-0.02466415800154209,0.021990936249494553,-0.0086978729814291,0.033556919544935226,0.049824248999357224,-0.02181221917271614,-0.002996689174324274,-0.028478186577558517,0.019254112616181374,0.013933134265244007,0.03445538133382797,0.030505478382110596,0.04769248515367508,0.046367086470127106,0
org.apache.synapse.endpoints.algorithms.LoadbalanceAlgorithm,2,1,0,10,2,1,8,2,2,2.0,2,0.0,0,0.0,0.75,0,0,0.0,1,1.0,0.021892111748456955,-0.0427926704287529,-0.010744857601821423,0.015822649002075195,-0.04163796827197075,-0.03534456342458725,-0.04226870462298393,-0.027492959052324295,0.044280488044023514,0.035385243594646454,0.014428568072617054,-0.04277284815907478,0.02871616557240486,0.023167084902524948,0.0005948841571807861,-0.04421468824148178,-0.009418648667633533,0.0009543240303173661,-0.03878971189260483,0.012350797653198242,0
org.apache.synapse.config.xml.SwitchMediatorFactory,5,2,0,14,33,6,0,14,3,0.8,206,0.8,0,0.25,0.416666667,0,0,39.2,5,1.4,-0.00788826309144497,0.0016068577533587813,-0.02070314809679985,-0.03841344267129898,-0.0075400411151349545,0.012348974123597145,-0.004440134856849909,0.027668308466672897,-0.013714885339140892,0.011300325393676758,0.027278970927000046,0.04172976687550545,-0.007268703076988459,-0.04604071378707886,0.021852761507034302,0.002858924912288785,0.037209540605545044,-0.00406641373410821,-0.013192069716751575,-0.04376504570245743,0
org.apache.synapse.config.xml.AbstractListMediatorSerializer,5,2,7,15,22,8,7,8,1,0.75,73,0.5,0,0.666666667,0.3125,1,2,13.2,3,1.0,0.022431451827287674,0.030522609129548073,-0.01601048745214939,-0.02287864126265049,-0.002132582711055875,0.0126686692237854,-0.01631583645939827,0.030288588255643845,0.02077065035700798,0.0388229601085186,0.01284636277705431,0.04058341309428215,-0.0069360495544970036,0.040389638394117355,0.0185850802809,-0.04023662209510803,-0.01966807246208191,-0.012359392829239368,0.024465221911668777,-0.004360795021057129,0
org.apache.synapse.core.axis2.SynapseDispatcher,6,3,0,10,20,13,0,10,4,1.04,72,0.8,0,0.75,0.4,2,3,10.16666667,1,0.6667,0.0342150516808033,-0.014209866523742676,-0.011783897876739502,-0.0005023836856707931,-0.002488458063453436,-0.017874807119369507,0.03122241422533989,-0.03279333561658859,0.03945999592542648,-0.0004673004150390625,0.013044202700257301,0.01611574925482273,-0.001408267067745328,0.008531510829925537,-0.015703272074460983,0.0237822774797678,0.0012150525581091642,-0.01640297845005989,-0.04357287287712097,-0.049990396946668625,0
org.apache.synapse.config.xml.AbstractMediatorFactory,2,1,11,15,8,1,11,4,1,2.0,36,0.0,0,0.0,0.666666667,0,0,17.0,5,2.5,0.0038471638690680265,0.022021174430847168,-0.025516873225569725,-0.010553347878158092,0.04047739505767822,-0.021218961104750633,-0.038181304931640625,0.04628956317901611,-0.010777485556900501,-0.02359716221690178,0.04285399988293648,0.021416693925857544,0.021624183282256126,0.0464225634932518,-0.042265404015779495,0.0262765996158123,0.01019675750285387,0.02094140090048313,0.008489501662552357,0.022320669144392014,0
org.apache.synapse.config.xml.endpoints.XMLToEndpointMapper,4,1,0,8,8,4,1,7,2,0.666666667,32,1.0,1,0.0,0.5,0,0,6.75,2,0.75,-0.02688159979879856,-0.010758871212601662,0.03171343728899956,0.00784304179251194,0.04157344251871109,-0.04158104211091995,-0.022879373282194138,-0.004020416643470526,0.04400089383125305,0.005531758069992065,0.007699889130890369,0.0064539252780377865,0.014613104052841663,-0.04697973281145096,0.016272008419036865,0.027323424816131592,0.02643163874745369,0.022199440747499466,-0.04043183848261833,-0.02029888704419136,0
org.apache.synapse.endpoints.dispatch.Dispatcher,4,1,0,8,4,6,6,2,4,2.0,4,0.0,0,0.0,0.666666667,0,0,0.0,1,1.0,-0.046941377222537994,-0.005347949452698231,-0.03871443122625351,0.01476068515330553,-0.013430679216980934,0.04441499710083008,-0.017171699553728104,0.03419109433889389,0.020574349910020828,0.006821966264396906,-0.00020231008238624781,0.04086267203092575,0.011808687821030617,0.041291140019893646,0.016676926985383034,0.027115559205412865,0.025509566068649292,-0.038143910467624664,-0.028943002223968506,0.006170886568725109,0
org.apache.synapse.config.xml.endpoints.FailoverEndpointSerializer,2,1,0,12,14,0,1,12,2,0.0,77,1.0,0,0.0,0.75,0,0,37.0,4,2.0,0.047760915011167526,-0.036782123148441315,-0.03635193780064583,-0.011326944455504417,-0.0038928030990064144,-0.016080517321825027,-0.0029629289638251066,0.037444114685058594,-0.0034875930286943913,-0.008124703541398048,0.013721996918320656,-0.041795503348112106,0.0392790213227272,0.0426805205643177,-0.047920435667037964,0.012231332249939442,0.049524854868650436,-0.03832901641726494,-0.034834593534469604,-0.03868258744478226,0
org.apache.synapse.mediators.builtin.SendMediator,6,2,0,17,34,1,4,13,4,0.75,185,0.75,1,0.6,0.35,0,0,29.16666667,12,2.5,0.02973131462931633,-0.03810343146324158,-0.019138360396027565,-0.028401661664247513,0.030908871442079544,-0.011282247491180897,-0.043897174298763275,0.038095623254776,0.04199841618537903,-0.01660117506980896,0.045583296567201614,-0.0036917985416948795,-0.01813259720802307,-0.0019234537612646818,0.0009721338865347207,-0.01752448081970215,0.014066207222640514,0.02864852547645569,0.034345049411058426,-0.04451733082532883,0
org.apache.synapse.config.xml.PropertyMediatorFactory,5,2,0,11,28,6,0,11,3,0.833333333,216,0.666666667,0,0.25,0.416666667,0,0,41.6,14,3.2,0.008355963043868542,-0.010992544703185558,0.047568004578351974,0.04746927693486214,-0.048870235681533813,0.012526142410933971,0.030783463269472122,0.019362282007932663,0.010113936848938465,0.0021525085903704166,0.003368157194927335,-0.01910318061709404,-0.03570125252008438,-0.01044436078518629,0.019619489088654518,0.04409341886639595,0.04629575088620186,-0.029879683628678322,-0.04701335355639458,0.048821885138750076,1
org.apache.synapse.core.axis2.SynapseMessageReceiver,4,1,1,18,40,4,2,16,2,0.833333333,192,0.5,0,0.0,0.444444444,0,0,46.5,1,0.5,0.04322722554206848,-0.0014164149761199951,0.028181541711091995,0.046064477413892746,0.020551234483718872,-0.03560195118188858,-0.009629148058593273,0.004890126176178455,0.01017038244754076,0.014771074056625366,0.047246795147657394,0.022005503997206688,0.049569498747587204,-0.043288517743349075,-0.028772080317139626,0.009931528940796852,0.018280863761901855,-0.004955899901688099,-0.0345582440495491,-0.016058314591646194,0
org.apache.synapse.core.axis2.Axis2Sender,6,1,0,20,37,13,1,19,3,0.7,123,0.5,0,0.0,0.28,0,0,19.16666667,8,1.8333,-0.03481803461909294,-0.012292558327317238,-0.04011468216776848,0.03750263899564743,0.03063707984983921,0.02629234828054905,0.041889287531375885,-0.0034826635383069515,-0.04656364396214485,0.045578330755233765,-0.02464268170297146,0.039239950478076935,0.027669299393892288,-0.005395382642745972,-0.038321077823638916,-0.007299012038856745,0.0312676839530468,-0.03483041375875473,0.007210480980575085,-0.03975928947329521,0
org.apache.synapse.mediators.base.SequenceMediator,17,3,0,23,54,76,10,13,14,0.868055556,377,0.888888889,0,0.482758621,0.3,3,3,20.64705882,24,2.2353,0.00858255010098219,0.04856406897306442,0.022861361503601074,0.04044301435351372,-0.002352291252464056,0.003224617335945368,-0.013341760262846947,-0.043897807598114014,0.017156517133116722,0.010466868057847023,-0.047109268605709076,-0.02484218403697014,-0.04867049306631088,-0.028598958626389503,0.020322710275650024,0.04321430251002312,0.020558249205350876,0.011942321434617043,0.04072389006614685,-0.005596047732979059,0
org.apache.synapse.config.xml.RegistryFactory,7,1,0,7,29,11,1,6,2,0.7,175,0.2,0,0.0,0.266666667,0,0,23.28571429,4,1.2857,-0.027970289811491966,0.00865182839334011,-0.00448685884475708,0.03396845608949661,0.019867951050400734,0.022647356614470482,0.007171529345214367,-0.013499277643859386,-0.02183406427502632,-0.0051603736355900764,0.007185137365013361,-0.013230043463408947,-0.035368911921978,-0.03902653604745865,-0.04560893028974533,-0.02967584691941738,-0.009237122721970081,-0.02161935530602932,-0.032303351908922195,-0.01858661137521267,0
org.apache.synapse.mediators.builtin.DropMediator,4,2,0,8,18,4,2,6,2,0.777777778,71,0.666666667,0,0.75,0.444444444,0,0,16.0,5,1.5,0.028133559972047806,0.027486855164170265,0.009145599789917469,0.028747033327817917,-0.044840388000011444,0.03279678896069527,0.04612996056675911,-0.021035736426711082,0.008037751540541649,-0.02616940811276436,0.005291092209517956,0.013850843533873558,0.040803682059049606,0.002720064017921686,0.0127852912992239,0.006488674785941839,0.04201261326670647,-0.02853851392865181,-0.03130915015935898,-0.01813759282231331,0
org.apache.synapse.config.xml.OutMediatorSerializer,6,3,0,10,23,13,0,10,3,0.866666667,87,0.333333333,0,0.692307692,0.4,1,2,13.0,3,1.1667,0.017148923128843307,0.02583058550953865,0.03141172602772713,-0.014021312817931175,0.03661351650953293,0.014151358976960182,0.01435502152889967,-0.011901849880814552,-0.01564124785363674,-0.011850709095597267,0.021382182836532593,0.00038028956623747945,-0.04792139679193497,-0.048327721655368805,-0.030740970745682716,-0.0006428480264730752,0.009987080469727516,0.047159839421510696,0.027921754866838455,-0.021453481167554855,0
org.apache.synapse.MessageContext,47,1,0,56,47,1081,51,9,47,2.0,47,0.0,0,0.0,0.13926499,0,0,0.0,1,1.0,-0.02234894596040249,-0.042556148022413254,0.0070188879035413265,-0.043090980499982834,-0.049583278596401215,-0.041008125990629196,-0.03386332839727402,0.033402927219867706,0.018922781571745872,0.0017808318370953202,-0.01478990912437439,-0.037141602486371994,0.0026670931838452816,0.0024994611740112305,0.0009780942928045988,0.004262977745383978,0.003931653685867786,-0.00034080148907378316,-0.040035270154476166,-0.029351364821195602,0
org.apache.synapse.mediators.AbstractListMediator,10,2,7,13,32,0,7,6,8,0.703703704,123,0.666666667,0,0.428571429,0.277777778,0,0,11.0,2,0.9,0.0024188340175896883,-0.03530014678835869,-0.041347045451402664,0.0302109532058239,-0.04175245016813278,-0.02789892628788948,0.02790062502026558,-0.0024317563511431217,-0.015271824784576893,-0.02597188390791416,-0.005989736411720514,0.02635858580470085,-0.029732197523117065,-0.024885868653655052,-0.02474311552941799,-0.02378174103796482,-0.039900463074445724,-0.04878232628107071,0.0379108302295208,0.039983756840229034,0
org.apache.synapse.endpoints.AddressEndpoint,15,2,0,13,48,63,3,10,13,0.830357143,295,0.875,2,0.235294118,0.255102041,1,1,18.13333333,12,2.0,0.030582468956708908,0.002324038650840521,-0.010474473237991333,0.003865861799567938,0.049179792404174805,-0.03562267869710922,-0.007762270979583263,-0.01179270725697279,0.02433003857731819,0.03225019574165344,-0.020660197362303734,0.018118346109986305,-0.022405635565519333,0.016352331265807152,0.040842365473508835,0.01814303919672966,-0.022864054888486862,-0.01504582166671753,0.03933202475309372,0.04802030324935913,1
org.apache.synapse.mediators.MediatorFaultHandler,6,2,0,10,13,1,4,6,4,0.733333333,55,0.666666667,1,0.5,0.4,1,1,7.666666667,1,0.6667,-0.028083235025405884,-0.0027249157428741455,0.009731864556670189,0.007626730017364025,0.036762647330760956,-0.01366686262190342,-0.0003296196518931538,-0.027638167142868042,-0.005850327201187611,-0.038559816777706146,-0.004796647932380438,0.006548374891281128,-0.04297371953725815,0.043742917478084564,-0.04603933170437813,-0.04812338203191757,-0.04255812242627144,0.03656633943319321,0.02732784114778042,0.04624731093645096,0
org.apache.synapse.core.axis2.SynapseModule,9,1,0,24,61,30,0,24,6,0.9375,274,0.75,0,0.0,0.267857143,0,0,29.0,2,0.8889,-0.02790023759007454,-0.04276799410581589,0.007501429412513971,0.015899812802672386,-0.040483005344867706,-0.04467131569981575,0.04585661366581917,0.008218872360885143,0.00437163095921278,0.012391162104904652,-0.01753571629524231,0.008675199933350086,0.009790414944291115,0.04903000593185425,-0.028040653094649315,0.011365133337676525,0.031535714864730835,-0.03338665887713432,-0.04466895014047623,0.04328108951449394,0
org.apache.synapse.core.axis2.DynamicAxisOperation,3,5,0,6,6,3,2,5,3,2.0,18,0.0,0,0.989690722,0.5,0,0,5.0,1,0.3333,0.02941502258181572,-0.01480672974139452,0.015808790922164917,0.02497858926653862,0.042342137545347214,0.02810707688331604,0.04754273220896721,-0.048233408480882645,-0.03981337696313858,-0.03379077836871147,-0.03733854368329048,-0.039818089455366135,-0.03894084692001343,-0.014713132753968239,0.006980800535529852,-0.014373946003615856,-0.04408125951886177,0.024929309263825417,0.00450445432215929,0.022952008992433548,0
org.apache.synapse.config.xml.MediatorSerializer,2,1,0,7,2,1,5,2,2,2.0,2,0.0,0,0.0,0.666666667,0,0,0.0,1,1.0,0.005208486225455999,0.04741343855857849,0.04677923768758774,-0.032979387789964676,0.017375756055116653,0.011377853341400623,-0.012446761131286621,-0.04614586383104324,0.005135631654411554,-0.040828533470630646,0.0316009446978569,-0.029000401496887207,0.027677197009325027,0.04916861653327942,-0.0008000016096048057,0.022642463445663452,-0.009047001600265503,0.03680380433797836,0.019700486212968826,-0.04505162313580513,0
org.apache.synapse.statistics.impl.EndPointStatisticsStack,5,1,0,6,26,0,4,3,5,0.25,288,1.0,0,0.0,0.6,0,0,56.2,9,4.2,-0.019719595089554787,0.00576826324686408,0.014001739211380482,-0.0076319752261042595,-0.04085257649421692,-0.02959011122584343,0.004096478223800659,-0.01973128877580166,-0.047152239829301834,-0.003874874208122492,0.03316634148359299,0.02989422157406807,-0.04958629608154297,0.015592915005981922,-0.029936503618955612,-0.04590945318341255,0.000851064920425415,-0.0018481016159057617,-0.034859996289014816,-0.03140028566122055,0
org.apache.synapse.config.xml.ClassMediatorFactory,5,2,0,9,28,6,0,9,3,0.833333333,106,0.666666667,0,0.25,0.416666667,0,0,19.6,2,0.8,-0.013827699236571789,-0.012955790385603905,0.03624502941966057,-0.017317015677690506,-0.03299851343035698,0.021702134981751442,-0.0023724257480353117,-0.017987782135605812,0.034412361681461334,0.01936156116425991,-0.019501006230711937,0.003859442425891757,0.0457175150513649,0.03877327963709831,0.03180935978889465,0.023336511105298996,0.011922448873519897,-0.009208130650222301,-0.031856466084718704,-0.0015090524684637785,0
org.apache.synapse.config.xml.SwitchMediatorSerializer,6,2,0,15,35,13,0,15,3,0.866666667,173,0.333333333,0,0.6,0.4,1,2,27.33333333,8,2.0,-0.048017751425504684,0.025036465376615524,-0.04379792883992195,-0.021959125995635986,-0.00017549991025589406,-0.0014809072017669678,-0.03830619901418686,0.04807371646165848,0.02491028979420662,0.04616571590304375,-0.040789585560560226,0.022478992119431496,-0.020685380324721336,0.004122680518776178,0.042493097484111786,-0.022310882806777954,0.022587502375245094,-0.03393480181694031,-0.017742443829774857,0.04699254035949707,0
org.apache.synapse.config.xml.LogMediatorSerializer,6,2,0,11,27,13,0,11,3,0.866666667,130,0.333333333,0,0.6,0.4,1,2,20.16666667,8,2.0,-0.047500599175691605,0.0478111132979393,-0.03885377570986748,-0.01322754006832838,-0.024532044306397438,-0.02483348175883293,-0.040117956697940826,-0.03891792148351669,-0.022766059264540672,-0.006376808974891901,-0.025514941662549973,0.030702710151672363,-0.047583095729351044,-0.0265355221927166,0.047185759991407394,0.03495664522051811,0.03837908059358597,0.021173696964979172,0.0025354623794555664,-0.029905717819929123,0
org.apache.synapse.mediators.transform.FaultMediator,27,2,0,29,92,213,2,27,18,0.887362637,596,0.714285714,0,0.193548387,0.196153846,0,0,20.55555556,11,2.3704,0.023093396797776222,0.022631537169218063,0.009399062022566795,0.025853371247649193,-0.0005268037202768028,0.02057083323597908,-0.04561620205640793,0.03850455954670906,0.030737370252609253,0.025620782747864723,0.03603334352374077,0.04219898581504822,0.003693479346111417,-0.008519303984940052,0.002593141747638583,-0.04658390209078789,0.042031072080135345,-0.03189966082572937,0.042139213532209396,-0.02122177556157112,1
org.apache.synapse.mediators.base.SynapseMediator,4,3,0,12,25,4,3,9,2,0.777777778,105,0.666666667,0,0.875,0.444444444,2,2,24.5,7,2.0,-0.011502748355269432,0.02520531415939331,-0.040601782500743866,-0.01416767854243517,-0.04098713397979736,0.02574855089187622,-0.012840318493545055,-0.04533553868532181,0.020358646288514137,0.04508661478757858,-0.015188300982117653,-0.029192697256803513,0.01509944163262844,-0.0021792412735521793,-0.04989718273282051,0.04208851978182793,-0.03669443726539612,-0.024652034044265747,-0.013285404071211815,-0.02726157382130623,0
org.apache.synapse.statistics.StatisticsUtils,6,1,0,14,22,15,5,9,5,2.0,146,0.0,0,0.0,0.5,0,0,23.33333333,4,2.3333,-0.012130427174270153,0.035483282059431076,-0.03772939369082451,0.0384904220700264,-0.0023772239219397306,0.00546646723523736,0.047413308173418045,0.023640800267457962,-0.017863834276795387,0.018678098917007446,0.017596429213881493,0.031683485954999924,0.0003466963826213032,-0.022118430584669113,0.00659135589376092,-0.02707117237150669,0.0070587871596217155,0.02463090419769287,0.025774240493774414,0.04590819031000137,0
org.apache.synapse.config.Entry,26,1,0,16,34,257,12,4,23,0.956923077,196,0.615384615,1,0.0,0.194285714,0,0,6.038461538,3,1.2692,-0.044405244290828705,-0.01706775464117527,0.011770511046051979,0.010690098628401756,-0.047320038080215454,0.02285582944750786,-0.04328498989343643,-0.036935340613126755,0.01741555891931057,-0.01735479198396206,0.017822355031967163,0.04447045177221298,-0.017871612682938576,0.046602122485637665,0.008555191569030285,0.04923887178301811,0.0285252146422863,-0.04574741795659065,-0.016638655215501785,0.03265087679028511,0
org.apache.synapse.config.xml.ValidateMediatorSerializer,6,3,0,14,35,13,0,14,3,0.866666667,142,0.333333333,0,0.692307692,0.4,1,2,22.16666667,5,1.5,0.005743729881942272,-0.011441278271377087,0.04684118553996086,0.006049639079719782,0.007450318429619074,0.01203204970806837,-0.009180033579468727,-0.024998169392347336,0.0011621474986895919,-0.010070902295410633,0.03300466388463974,0.04470061510801315,-0.003373771905899048,0.014885073527693748,-0.030538272112607956,0.008496624417603016,-0.034631162881851196,-0.04347013309597969,-0.029501015320420265,-0.044782377779483795,0
org.apache.synapse.mediators.AbstractMediator,7,1,11,13,14,0,11,2,7,0.5,73,1.0,0,0.0,0.523809524,0,0,9.142857143,4,1.4286,-0.042637862265110016,0.04705356806516647,0.018622178584337234,-0.039397090673446655,0.015934843569993973,0.0208691768348217,-0.02819492295384407,-0.029563957825303078,0.005191832780838013,0.0448102243244648,-0.04823140427470207,3.1453371775569394e-05,-0.03432472422719002,-0.004661244340240955,0.01520500797778368,-0.025149833410978317,-0.013880020007491112,0.00337793817743659,-0.03181110695004463,0.036432892084121704,0
org.apache.synapse.endpoints.utils.EndpointDefinition,29,1,0,12,30,322,12,0,29,0.928571429,186,1.0,0,0.0,0.296551724,0,0,4.931034483,1,0.9655,-0.021421587094664574,-0.0466403067111969,-0.009362578392028809,-0.018541360273957253,0.045493047684431076,0.014700710773468018,-0.029890721663832664,-0.01679142750799656,-0.04951241612434387,0.009720605798065662,-0.019941842183470726,-0.013543516397476196,0.025882452726364136,0.0379951111972332,0.0219191312789917,-0.03410208225250244,0.03349320963025093,-0.04815896227955818,-0.034936439245939255,-0.04003000259399414,0
org.apache.synapse.config.xml.endpoints.AddressEndpointSerializer,6,1,0,15,38,7,1,14,3,0.733333333,336,0.666666667,0,0.0,0.35,0,0,54.5,18,4.0,-0.0015066445339471102,-0.022821491584181786,0.03313587233424187,0.0076358020305633545,-0.01670737937092781,0.030544858425855637,-0.03006642498075962,-0.023280847817659378,-0.036037545651197433,-0.021682899445295334,-0.009046649560332298,0.032448213547468185,-0.013851964846253395,0.024594837799668312,0.03452221304178238,-0.037318527698516846,0.022824252024292946,0.030634891241788864,-0.014772373251616955,0.03312510997056961,1
org.apache.synapse.config.xml.SequenceMediatorSerializer,7,3,0,12,32,17,1,11,4,0.888888889,228,0.333333333,0,0.642857143,0.366666667,1,2,31.14285714,10,2.8571,-0.043098438531160355,0.01832869090139866,0.025949418544769287,0.028709691017866135,0.037334591150283813,-0.0308383759111166,0.005528068635612726,0.030236411839723587,-0.01420025248080492,-0.03086761198937893,-0.002051115036010742,-0.041844744235277176,-0.028000062331557274,0.035522691905498505,0.01676269806921482,0.03612834960222244,0.03400123864412308,0.03765370696783066,-0.01894577220082283,-0.002809029771015048,0
org.apache.synapse.mediators.FilterMediator,1,1,0,5,1,0,3,2,1,2.0,1,0.0,0,0.0,1.0,0,0,0.0,1,1.0,-0.01527560967952013,-0.017809312790632248,0.045359767973423004,-0.027204543352127075,0.04093436151742935,-0.03004443645477295,0.041956882923841476,-0.0027774691116064787,0.039712995290756226,-0.015774857252836227,0.029896074905991554,0.04402172565460205,0.012719189748167992,0.006588744930922985,0.025195961818099022,0.04001260921359062,0.04284007102251053,0.04246386140584946,0.03526263311505318,0.04001324623823166,0
org.apache.synapse.config.xml.LogMediatorFactory,5,2,0,8,20,8,0,8,3,1.107142857,116,0.857142857,0,0.25,0.416666667,0,0,20.8,7,1.8,0.030093884095549583,0.013175154104828835,0.03849716857075691,0.031969211995601654,0.039712853729724884,0.04328703135251999,-0.04947877675294876,-0.03377852588891983,0.006687873508781195,0.03220151737332344,0.03686907887458801,0.027584904804825783,0.038308124989271164,-0.02562784031033516,0.03292204812169075,-0.02054186537861824,-0.045276712626218796,0.04570839926600456,0.006657022051513195,-0.013798397965729237,0
org.apache.synapse.config.xml.endpoints.WSDLEndpointFactory,9,1,0,14,68,28,1,13,3,0.75,545,0.666666667,1,0.0,0.232142857,0,0,59.22222222,25,5.2222,0.006500834133476019,-0.049021512269973755,0.022938812151551247,-0.002691113855689764,0.03166047856211662,0.008917373605072498,-0.015648990869522095,0.03879986330866814,0.007773327641189098,0.0002760469797067344,-0.023064767941832542,-0.04226762056350708,-0.038834162056446075,0.04335255175828934,-0.044624797999858856,0.04517357796430588,-0.046405088156461716,-0.0013837814331054688,-0.009535235352814198,-0.044655729085206985,0
org.apache.synapse.config.xml.AbstractListMediatorFactory,4,2,7,15,21,4,7,8,1,0.833333333,71,0.5,0,0.333333333,0.333333333,0,0,16.25,3,1.0,-0.014154541306197643,0.03916853666305542,0.04661450535058975,-0.008074641227722168,-0.02579624578356743,-0.023508792743086815,-0.02423025295138359,-0.04801412671804428,0.006860101129859686,-0.021124577149748802,0.012633544392883778,0.02807241678237915,-0.02032952941954136,-0.04798290878534317,0.007733487989753485,-0.033500611782073975,0.012475872412323952,-0.018903160467743874,0.03539210557937622,0.003201103303581476,0
org.apache.synapse.config.Util,10,1,0,14,48,33,7,7,6,0.666666667,264,0.5,0,0.0,0.222222222,0,0,25.2,4,1.4,-0.011992519721388817,0.018143843859434128,-0.000497841858305037,-0.006006354000419378,-0.005277192685753107,-0.008358007296919823,0.003024762962013483,0.020825475454330444,-0.021263957023620605,-0.019168108701705933,-0.0002640843449626118,0.0013467788230627775,-0.0008440315723419189,-0.023927533999085426,0.02156701125204563,-0.01085959654301405,0.010517698712646961,0.0033326148986816406,0.029848385602235794,-0.0342119038105011,0
org.apache.synapse.config.xml.RMSequenceMediatorFactory,5,2,0,11,33,6,0,11,3,0.833333333,289,0.666666667,0,0.25,0.416666667,0,0,56.2,19,4.2,0.00047281981096602976,0.015386599116027355,-0.034063227474689484,-0.006877326872199774,0.038342904299497604,0.03673204779624939,-0.018366485834121704,0.013213509693741798,-0.04158564656972885,0.031027430668473244,-0.023186612874269485,-0.01582053303718567,0.046556781977415085,0.004366928245872259,0.03745351359248161,-0.030370313674211502,0.025802534073591232,0.049614112824201584,-0.0422869548201561,-0.02567845582962036,0
org.apache.synapse.statistics.impl.ProxyServiceStatisticsStack,8,1,0,8,21,16,3,5,5,0.625,158,0.875,0,0.0,0.514285714,0,0,17.75,5,1.75,0.006662619300186634,0.03270428255200386,0.049923013895750046,0.04531227424740791,-0.04007680341601372,0.03245692700147629,-0.028573686257004738,-0.004857874009758234,0.002414113376289606,0.03290966898202896,0.022350717335939407,0.02301863394677639,0.04741562157869339,0.0019133209716528654,-0.030193567276000977,-0.03165050223469734,0.032158948481082916,-0.02621290646493435,-0.014249062165617943,0.0203764196485281,0
org.apache.synapse.config.xml.XSLTMediatorSerializer,6,2,0,12,31,13,0,12,3,0.866666667,129,0.333333333,0,0.6,0.4,1,2,20.0,6,1.6667,0.04084060341119766,-0.022215163335204124,0.044927168637514114,0.041268326342105865,-0.022176111117005348,0.0015155256260186434,0.02137245610356331,-0.019631600007414818,-0.027799826115369797,-0.032561611384153366,-0.003353691194206476,-0.0014796077739447355,0.02231542393565178,-0.012370270676910877,-0.0008630454540252686,0.012309378013014793,0.024337995797395706,-0.00015404223813675344,-0.031697046011686325,-0.04630403593182564,0
org.apache.synapse.mediators.MediatorProperty,9,1,0,9,12,26,6,3,8,0.928571429,70,0.428571429,0,0.0,0.375,0,0,6.0,1,0.7778,-0.006988567300140858,-0.0437341146171093,-0.0006289601442404091,-0.012837862595915794,0.0019303858280181885,0.03639831021428108,-0.03520730137825012,-0.01973237469792366,-0.033323027193546295,-0.017720574513077736,-0.0165791567414999,0.010685604996979237,0.016640841960906982,-0.024785935878753662,-0.02273145318031311,0.005693471524864435,0.027267415076494217,0.026868248358368874,-0.01484268344938755,-0.021332627162337303,0
org.apache.synapse.registry.url.URLRegistryEntry,18,1,0,2,25,87,1,1,18,0.852941176,200,1.0,0,0.0,0.361111111,0,0,9.666666667,1,0.9444,-0.04698532074689865,-0.008015364408493042,0.015252995304763317,0.032828908413648605,0.03422620892524719,0.01604139246046543,-0.02221636101603508,-0.009195834398269653,-0.019701290875673294,0.028869574889540672,-0.03179354593157768,0.010515093803405762,-0.006726169493049383,-0.029063891619443893,-0.036231059581041336,0.029262810945510864,-0.04179102182388306,-0.0034362494479864836,0.014137131161987782,0.03869504854083061,0
org.apache.synapse.config.xml.endpoints.EndpointAbstractSerializer,2,1,0,18,15,1,6,15,2,2.0,63,0.0,0,0.0,0.5,0,0,30.5,7,3.5,0.04066135734319687,-0.02228667214512825,-0.0053417859598994255,0.0050318241119384766,-0.0009555697324685752,0.0057408870197832584,0.030569303780794144,-0.00010135769844055176,-0.01622982695698738,-0.0075536430813372135,0.02948649600148201,0.007570511195808649,-0.003621309995651245,0.046666234731674194,-0.02460641786456108,-0.004192048218101263,0.04587705805897713,0.03374713659286499,0.007514280267059803,-0.044412802904844284,0
org.apache.synapse.core.axis2.ProxyServiceMessageReceiver,5,2,0,20,59,2,1,20,3,0.75,491,0.75,0,0.4,0.5,1,1,96.4,1,0.6,0.04522625356912613,0.01391108613461256,-0.02351427637040615,0.032710932195186615,0.026066560298204422,0.014352833852171898,-0.015689169988036156,0.01668418012559414,0.031821489334106445,0.035405199974775314,0.0047058286145329475,-0.042658835649490356,0.001288807368837297,0.001852101064287126,0.01971491053700447,-0.04734479635953903,0.04853935167193413,-0.03486138582229614,0.028807198628783226,-0.04714936017990112,0
org.apache.synapse.endpoints.IndirectEndpoint,13,1,0,9,32,30,3,6,10,0.833333333,197,0.857142857,2,0.0,0.366666667,0,0,13.61538462,5,1.4615,-0.010976987890899181,-0.04853824898600578,0.046476446092128754,0.010159838013350964,-0.005805909633636475,-0.027518535032868385,-0.04254915565252304,-0.049517374485731125,0.044721923768520355,-0.012497127056121826,0.02296188473701477,-0.022586822509765625,0.04979029297828674,0.018273603171110153,0.0051284669898450375,-0.020220518112182617,0.006053107790648937,-0.01323401927947998,0.03675369173288345,0.022391265258193016,0
org.apache.synapse.metrics.Constants,2,1,0,2,3,1,2,0,1,1.0,12,0.0,0,0.0,1.0,0,0,4.0,0,0.0,0.013897806406021118,-0.010389357805252075,-0.043493080884218216,0.04011587053537369,-0.009873485192656517,-0.04846156761050224,-0.032760024070739746,-0.019729305058717728,0.01977173611521721,0.025192905217409134,0.030430054292082787,-0.03385130316019058,0.003444188740104437,-0.013876408338546753,-0.026045983657240868,0.03490636497735977,0.019759833812713623,-0.015532535500824451,-0.041384536772966385,-0.025703931227326393,0
org.apache.synapse.config.xml.MediatorFactoryFinder,11,1,0,13,44,7,3,10,5,0.918181818,525,0.181818182,1,0.0,0.28,0,0,44.72727273,5,1.5455,-0.04838528484106064,-0.028110522776842117,0.03940166160464287,0.009946787729859352,-0.021280258893966675,0.002994060516357422,0.04760480672121048,-0.005513584706932306,-0.04712318629026413,0.0080420495942235,0.031161773949861526,0.031411848962306976,0.020458251237869263,-0.028251195326447487,-0.0018534660339355469,-0.00027658938779495656,0.02285897731781006,-0.04020794481039047,-0.04009154438972473,0.0013237536186352372,0
org.apache.synapse.SynapseServer,6,1,0,8,47,13,0,8,3,0.8,257,0.5,0,0.0,0.2,0,0,41.5,6,1.5,0.028013896197080612,0.04352758079767227,0.034630514681339264,0.04019444063305855,-0.04911504313349724,0.021494125947356224,-0.02515038289129734,0.017561931163072586,0.03028343990445137,0.021960657089948654,0.037561796605587006,0.00748857855796814,-0.006324708461761475,0.028842002153396606,-0.028197836130857468,0.00019295811944175512,0.04728293418884277,-0.027406251057982445,0.019071394577622414,-0.04056510329246521,1
org.apache.synapse.mediators.GetPropertyFunction,7,1,0,12,36,3,1,12,5,0.666666667,275,0.666666667,1,0.0,0.261904762,0,0,37.85714286,22,3.7143,-0.04551420733332634,-0.001739591360092163,-0.0392865315079689,0.025156205520033836,-0.031984277069568634,-0.029764186590909958,0.025354553014039993,-0.040798842906951904,0.007276010699570179,-0.03619770333170891,0.049312107264995575,0.043168794363737106,0.008844763040542603,0.028942519798874855,0.022981077432632446,-0.02995891496539116,0.048784732818603516,-0.04841103032231331,0.04024628922343254,0.013781899586319923,1
org.apache.synapse.mediators.filters.FilterMediator,11,3,0,11,36,17,2,9,9,0.733333333,267,0.833333333,0,0.608695652,0.3,2,2,22.72727273,8,1.9091,0.04288078472018242,-0.046109963208436966,0.03624340146780014,0.026819169521331787,0.006467974279075861,-0.02599877119064331,-0.020893264561891556,-0.016783898696303368,0.008041435852646828,0.007933521643280983,0.03694121912121773,0.049887966364622116,0.04433668777346611,-0.02003224566578865,0.04822695255279541,-0.0031477033626288176,0.024327164515852928,0.012745082378387451,-0.003149050520732999,0.01833723857998848,0
org.apache.synapse.config.xml.MediatorFactory,2,1,0,4,2,1,2,2,2,2.0,2,0.0,0,0.0,0.75,0,0,0.0,1,1.0,-0.043041497468948364,0.029100781306624413,-0.0020890594460070133,0.04985588788986206,-0.02671988680958748,-0.002430695341899991,0.03878386691212654,-0.020339662209153175,-0.025079499930143356,0.007950353436172009,0.013253468088805676,-0.012824798002839088,0.032237641513347626,-0.03829976171255112,0.016967803239822388,0.002449852181598544,0.04366091638803482,0.02991356886923313,0.034076809883117676,0.039112724363803864,0
org.apache.synapse.mediators.ListMediator,6,1,0,11,6,15,10,1,6,2.0,6,0.0,0,0.0,0.458333333,0,0,0.0,1,1.0,-0.02486783266067505,-0.006416523363441229,0.016403187066316605,-0.03207016736268997,-0.048507947474718094,-0.04630116745829582,0.04510348290205002,0.026858467608690262,-0.02394113503396511,-0.04164820909500122,0.006469756364822388,0.014390313997864723,-0.0062264204025268555,0.0063543557189404964,-0.02160651609301567,0.02395682968199253,0.007375925779342651,0.04438912123441696,-0.049882568418979645,-0.026347851380705833,0
org.apache.synapse.config.xml.DropMediatorSerializer,6,2,0,10,21,13,0,10,3,0.866666667,83,0.333333333,0,0.6,0.4,1,2,12.33333333,3,1.1667,0.041871823370456696,-0.0234544575214386,-0.03363020345568657,0.03921068459749222,0.01881672814488411,0.04047752171754837,-0.03785772994160652,-0.04762542247772217,0.007887030020356178,-0.04902883619070053,-0.02442942187190056,-0.017300516366958618,0.04810461401939392,0.04311784356832504,-0.014178037643432617,0.029134362936019897,0.04118547588586807,-0.011314904317259789,0.04764270782470703,0.03580107539892197,0
org.apache.synapse.metrics.Counter,3,1,0,2,4,0,2,0,3,0.0,20,1.0,0,0.0,1.0,0,0,5.333333333,1,0.6667,0.03145154193043709,-0.01983167603611946,-0.04229864478111267,-0.023591673001646996,-0.019786138087511063,-0.01636725664138794,0.0040954588912427425,-0.0014858127105981112,-0.015561884269118309,-0.02997993864119053,0.04710260033607483,-0.023627687245607376,-0.03631049394607544,0.038423649966716766,0.01258847676217556,0.04313197731971741,-0.022325580939650536,-0.03446201607584953,0.004924512002617121,-0.005864882376044989,0
org.apache.synapse.SynapseException,3,4,0,88,6,3,88,0,3,1.5,17,1.0,0,1.0,0.777777778,0,0,4.333333333,0,0.0,0.04885146766901016,0.04082556813955307,0.006404859013855457,0.02548789419233799,0.007040643598884344,-0.03227580711245537,-0.007140255067497492,0.03224582597613335,-0.023086529225111008,-0.01996532641351223,0.024622023105621338,0.013565492816269398,-0.00923987664282322,-0.014384716749191284,0.030053656548261642,-0.028583694249391556,-0.016183514147996902,-0.03243912383913994,-0.021173160523176193,-0.04290497303009033,0
org.apache.synapse.core.axis2.MessageContextCreatorForAxis2,6,1,0,13,14,5,3,10,4,0.75,65,0.75,2,0.0,0.2,0,0,9.166666667,1,0.6667,-0.027618568390607834,-0.0030144869815558195,-0.041689902544021606,-0.04120057821273804,-0.00958784855902195,0.005696433596313,-0.047532737255096436,-0.01866466924548149,0.003223902080208063,0.034049827605485916,0.008674954995512962,-0.003161913249641657,-0.03740697354078293,-0.03371047228574753,-0.003472143318504095,0.03733791038393974,0.027214348316192627,-0.007413452956825495,0.005861544515937567,-0.04802887886762619,0
org.apache.synapse.FaultHandler,5,1,3,14,17,10,13,2,4,2.0,88,0.0,0,0.0,0.45,0,0,16.6,5,2.0,0.008742153644561768,0.004235857632011175,0.005964136216789484,-0.01317141018807888,-0.029928922653198242,0.03661491721868515,0.03793687745928764,0.04148178547620773,-0.042994238436222076,0.013182127848267555,-0.01779981330037117,0.04810202121734619,0.014518839307129383,0.02320556715130806,0.011928075924515724,0.033042389899492264,-0.028716450557112694,0.0394720621407032,-0.012054610066115856,-0.022809427231550217,0
org.apache.synapse.statistics.StatisticsCollector,10,1,0,8,19,9,7,1,10,0.666666667,157,1.0,0,0.0,0.475,0,0,14.4,2,1.2,-0.003247672226279974,0.03905882313847542,0.03022092580795288,-0.042258281260728836,-0.04781767725944519,0.035669177770614624,-0.01163783110678196,-0.018461544066667557,0.028749162331223488,-0.02922152914106846,0.02546977438032627,-0.001212125993333757,-0.03437581658363342,-0.0016581893432885408,0.0317949578166008,0.04646969586610794,0.011104566045105457,0.02525046467781067,-0.024872619658708572,-0.003987759351730347,0
org.apache.synapse.config.xml.endpoints.EndpointAbstractFactory,2,1,0,14,14,1,7,10,2,2.0,91,0.0,0,0.0,0.5,0,0,44.5,7,3.5,0.03638797253370285,-0.02886015735566616,0.04138175770640373,-0.03621772676706314,0.0171083752065897,0.04837499186396599,-0.038927238434553146,-0.04972528666257858,-0.02164573036134243,-0.013415652327239513,-0.001356446766294539,-0.04415775462985039,-0.04308778792619705,0.014001053757965565,-0.041032034903764725,-0.045346684753894806,-0.01170232892036438,-0.043159037828445435,-0.035283248871564865,-0.042005755007267,0
org.apache.synapse.config.xml.PropertyMediatorSerializer,6,2,0,12,30,13,0,12,3,0.866666667,161,0.333333333,0,0.6,0.4,1,2,25.33333333,9,2.1667,-0.04121338576078415,0.04649677127599716,-0.000988304615020752,-0.009836381301283836,0.02301815152168274,-0.020476579666137695,0.013715570792555809,0.03469983488321304,0.03032713010907173,-0.037553973495960236,0.046911753714084625,0.023359041661024094,0.019830603152513504,-0.031217526644468307,0.042299896478652954,-0.010750824585556984,0.044125936925411224,-0.026810014620423317,-0.04064709693193436,0.03412279486656189,0
org.apache.synapse.config.xml.Constants,1,1,0,4,2,0,4,0,0,2.0,88,0.0,0,0.0,0.0,0,0,49.0,0,0.0,0.03940735384821892,0.029334377497434616,1.043081283569336e-06,-0.01814337447285652,-0.03612152859568596,0.023843079805374146,0.007264894433319569,-0.013065928593277931,0.03918903321027756,-0.02024807408452034,-0.04574493318796158,-0.011277353391051292,0.000625735498033464,-0.03319627791643143,-0.027433078736066818,-0.042498886585235596,0.0461493656039238,0.037120141088962555,-0.0014762163627892733,0.036838315427303314,0
org.apache.synapse.metrics.GlobalRequestCountHandler,2,2,0,7,9,1,0,7,2,2.0,20,0.0,0,0.875,0.75,0,0,9.0,1,0.5,-0.020105278119444847,-0.00892715435475111,0.006903648376464844,0.02443590760231018,-0.007026118226349354,0.003282648278400302,-0.039662253111600876,0.04747577756643295,-0.04381275177001953,0.03534960001707077,0.019525688141584396,-0.0349903479218483,-0.02647588774561882,-0.03969123214483261,-0.025651395320892334,0.035352956503629684,0.04820309206843376,0.010773062705993652,0.0032020271755754948,0.047622352838516235,0
org.apache.synapse.config.xml.endpoints.IndirectEndpointSerializer,2,1,0,11,8,0,1,10,2,0.0,42,1.0,0,0.0,0.75,0,0,19.5,3,1.5,-0.043637413531541824,0.010650807991623878,-0.004367721267044544,-0.04659544304013252,-0.047140710055828094,-0.007053589913994074,0.022162044420838356,0.018520355224609375,-0.0324934646487236,-0.03436533734202385,-0.024997061118483543,-0.011434221640229225,-0.03625143691897392,-0.048016589134931564,-0.01371814589947462,-0.04181420058012009,-0.030194377526640892,-0.028354644775390625,-0.0117206871509552,-0.008534985594451427,0
org.apache.synapse.config.xml.SynapseMediatorFactory,4,3,0,5,9,4,0,5,3,0.666666667,30,1.0,0,0.6,0.666666667,0,0,6.25,1,0.5,-0.0262782983481884,0.030603569000959396,0.021786535158753395,0.013031775131821632,-0.00745541462674737,-0.01373031735420227,0.044964682310819626,0.026078874245285988,-0.010812598280608654,-0.04735155031085014,-0.03713025897741318,-0.005318707320839167,-0.003974735736846924,-0.012814546003937721,0.048413604497909546,-0.0022926032543182373,0.029368806630373,-0.03723793476819992,-0.012530368752777576,-0.02774931862950325,0
org.apache.synapse.core.axis2.Axis2SynapseEnvironment,9,1,0,17,39,30,1,16,7,0.90625,216,0.75,2,0.0,0.25,0,0,22.55555556,6,1.3333,0.03597668930888176,0.038241468369960785,-0.004023236222565174,0.018299799412488937,-0.025617878884077072,0.00955340825021267,0.02269134484231472,0.04943331331014633,-0.015937447547912598,0.014196669682860374,-0.02868174947798252,-0.011052829213440418,0.040625475347042084,-0.019523287191987038,-0.00594289880245924,-0.04642487317323685,-0.047383882105350494,0.04441383481025696,-0.028514612466096878,0.025263959541916847,1
org.apache.synapse.statistics.StatisticsHolder,9,1,0,2,12,22,1,1,9,0.8125,75,1.0,2,0.0,0.288888889,0,0,6.888888889,4,1.2222,-0.0011874258052557707,0.0210958831012249,0.010570729151368141,0.049979109317064285,0.0031474053394049406,-0.027322132140398026,-0.005898463539779186,0.010352659039199352,-0.01686534285545349,-0.03923383355140686,-0.027996307238936424,-0.03375033661723137,0.031766634434461594,0.019612783566117287,0.04107768088579178,0.0325983390212059,-0.030639201402664185,0.013579756021499634,0.04236062616109848,0.007978284731507301,0
org.apache.synapse.config.xml.endpoints.SALoadbalanceEndpointFactory,9,1,0,17,42,28,1,17,3,0.791666667,210,0.666666667,1,0.0,0.232142857,0,0,22.0,6,1.5556,-0.041931409388780594,-0.00753436703234911,-0.012785917147994041,0.021912168711423874,-0.03433758765459061,0.027068477123975754,-0.03372542932629585,-0.03910144418478012,0.042358558624982834,0.044593073427677155,-0.017406200990080833,0.01745707355439663,-0.028978675603866577,-0.04375042766332626,-0.027577858418226242,0.03374364227056503,0.03208879753947258,0.04719036817550659,0.03527642413973808,0.033774763345718384,0
org.apache.synapse.config.xml.SwitchCase,9,1,0,7,23,16,3,4,7,0.8125,94,0.75,1,0.0,0.3,0,0,9.0,2,1.0,-0.004282784648239613,0.014132815413177013,0.027007143944501877,0.03526328131556511,-0.028515607118606567,0.009294098243117332,0.030444318428635597,-0.02399025484919548,-0.015536302700638771,0.03398814797401428,0.008157378062605858,0.0009495854610577226,0.01736818626523018,0.0010888874530792236,0.04809413105249405,0.02530301734805107,-0.04458694905042648,-0.035207800567150116,0.004507279489189386,0.031962670385837555,0
org.apache.synapse.config.xml.FilterMediatorFactory,5,3,0,12,31,6,0,12,3,0.833333333,228,0.666666667,0,0.5,0.416666667,1,1,44.0,10,2.4,0.03975394368171692,-0.003917866852134466,0.033060453832149506,0.018837619572877884,0.025384211912751198,0.03626495599746704,-0.02369694784283638,-0.010927665047347546,0.0043656169436872005,0.021181028336286545,0.01652165688574314,0.025479137897491455,0.022932428866624832,-0.04219254106283188,-0.015919197350740433,-0.03618379682302475,0.048407115042209625,0.025032997131347656,0.0008542060968466103,0.020564889535307884,0
org.apache.synapse.endpoints.dispatch.SimpleClientSessionDispatcher,5,1,0,8,17,0,2,6,5,0.25,124,1.0,0,0.0,0.6,0,0,23.6,5,3.0,-0.0465426966547966,-0.016389274969697,0.03946369141340256,0.01466910820454359,7.271170761669055e-05,0.0017165422905236483,-0.04932714253664017,0.04968374967575073,-0.010006701573729515,-0.024436604231595993,0.013746201992034912,0.005149859003722668,-0.02965794876217842,0.02896321937441826,-0.012517327442765236,-0.0308919008821249,0.03617854788899422,0.032317377626895905,0.04410140961408615,0.005816972348839045,0
org.apache.synapse.config.xml.FaultMediatorSerializer,6,2,0,13,40,13,0,13,3,1.0,254,0.6,0,0.6,0.4,1,2,40.5,12,2.6667,-0.038280654698610306,-0.03147325664758682,0.015381967648863792,0.0326731912791729,0.019749373197555542,0.03009011223912239,-0.009930658154189587,-0.016725648194551468,0.0010358511935919523,-0.015971804037690163,-0.02758452296257019,-0.03894280269742012,0.03267771750688553,-0.005451685283333063,-0.009454399347305298,-0.03902387619018555,0.046687863767147064,0.004340708255767822,0.00884818471968174,0.012458330020308495,0
org.apache.synapse.config.xml.ProxyServiceSerializer,5,1,0,17,61,6,1,16,2,0.75,522,0.8,0,0.0,0.3125,0,0,102.4,30,6.4,0.02144579216837883,-0.01869521662592888,0.04189087823033333,0.007669967599213123,-0.03621159866452217,0.04716899245977402,0.03815606236457825,0.027466410771012306,-0.03424422815442085,0.029113393276929855,0.020045464858412743,0.025926847010850906,0.021279508247971535,0.009698772802948952,-0.015850812196731567,0.041769225150346756,0.04806090146303177,0.01896301470696926,-0.014184975996613503,3.563761856639758e-05,0
org.apache.synapse.endpoints.dispatch.SoapSessionDispatcher,5,1,0,8,18,0,2,6,5,0.25,143,1.0,0,0.0,0.6,0,0,27.4,5,3.0,-0.011314654722809792,0.0023992001079022884,-0.01886141300201416,0.009226864203810692,0.046035926789045334,0.03339027613401413,-0.0052741230465471745,0.04546479508280754,0.007784479763358831,-0.009869557805359364,-0.03297474980354309,0.03236951306462288,-0.04534801095724106,-0.009483027271926403,0.038461990654468536,-0.012934302911162376,0.008030963130295277,-0.0367305763065815,0.02489040419459343,0.03686533495783806,0
org.apache.synapse.config.xml.endpoints.utils.WSDL11EndpointBuilder,7,1,0,6,34,19,1,5,3,0.666666667,187,0.5,0,0.0,0.458333333,0,0,25.42857143,10,2.0,-0.04068753868341446,-0.01128697395324707,-0.046333909034729004,-0.02533869817852974,-0.029739033430814743,0.015125608071684837,-0.03784521296620369,0.006252926774322987,0.011434507556259632,0.026566576212644577,-0.010101979598402977,-0.04885830357670784,0.026108335703611374,-0.02953246794641018,0.024428779259324074,0.009873772040009499,0.04408710077404976,0.007656687404960394,-0.00913731474429369,0.032443851232528687,0
org.apache.synapse.mediators.filters.SwitchMediator,10,2,0,9,36,11,2,7,8,0.796296296,227,0.833333333,1,0.428571429,0.288888889,0,0,21.1,12,1.9,0.0032342136837542057,-0.04582084342837334,-0.047792840749025345,-0.039184052497148514,-0.03865528106689453,0.0018779098754748702,-0.036132313311100006,-0.02475106716156006,-0.026358533650636673,-0.02144649066030979,0.0350615568459034,0.024146949872374535,0.043413855135440826,0.0354679599404335,-0.02847203053534031,0.036203980445861816,-0.04647451639175415,-0.012937843799591064,-0.03878583386540413,0.02096300758421421,0
org.apache.synapse.mediators.builtin.RMSequenceMediator,18,2,0,17,62,103,2,15,11,0.909090909,459,0.909090909,0,0.272727273,0.294117647,0,0,23.88888889,13,2.0556,-0.010963642969727516,-0.027408987283706665,0.03760550171136856,0.03250851482152939,-0.021803611889481544,0.011634165421128273,-0.029768306761980057,0.0011824786197394133,0.047308795154094696,-0.013049209490418434,-0.02593858912587166,-0.03698604553937912,-0.014559710398316383,-0.004321569111198187,0.01763930916786194,0.0487094447016716,-0.016946375370025635,0.00950884260237217,0.04840504378080368,0.007657933048903942,0
org.apache.synapse.config.xml.EntryFactory,6,1,0,11,32,13,1,10,3,0.7,141,0.5,0,0.0,0.3,0,0,22.16666667,6,1.6667,-0.015692751854658127,0.030154455453157425,-0.03076372668147087,-0.009900504723191261,-0.02991541102528572,-0.004978400655090809,-0.010104930028319359,0.04242972657084465,0.0003900051233358681,-0.042876631021499634,-0.027145493775606155,-0.034379929304122925,0.013461905531585217,0.04728323966264725,-0.0290799792855978,0.04132512956857681,0.04266025871038437,-0.0353131964802742,-0.04441606253385544,0.04734591767191887,0
org.apache.synapse.config.xml.MediatorSerializerFinder,7,1,0,8,31,3,2,6,2,0.916666667,383,0.181818182,1,0.0,0.333333333,0,0,50.57142857,3,1.1429,-0.0478927306830883,0.044715575873851776,0.020825345069169998,0.04617367312312126,0.03321751207113266,0.014623683877289295,0.04902010038495064,-0.02212320640683174,-0.03401655703783035,0.021136904135346413,0.018644999712705612,-0.028323054313659668,0.04852380231022835,-0.01779153384268284,0.04774703457951546,0.004173630382865667,-0.03169228509068489,-0.009885584935545921,-0.03688527271151543,-0.01489761471748352,0
org.apache.synapse.registry.url.SimpleURLRegistry,12,2,0,10,67,52,0,10,8,0.848484848,589,0.666666667,0,0.375,0.363636364,2,4,47.83333333,8,2.25,-0.036489538848400116,0.016522865742444992,0.049042485654354095,-0.03488539531826973,-0.017674291506409645,0.025667566806077957,0.02619192562997341,0.008120572194457054,0.039855677634477615,0.004157942719757557,0.009356582537293434,-0.008026247844099998,-0.04083138704299927,0.01628901995718479,0.009831821545958519,-0.04367102310061455,-0.0033750354778021574,0.00038335323915816844,-2.9796361559419893e-05,0.04355067014694214,0
org.apache.synapse.config.xml.endpoints.WSDLEndpointSerializer,6,1,0,15,39,7,1,14,3,0.8,335,0.666666667,0,0.0,0.32,0,0,54.33333333,15,4.1667,-0.0036144971381872892,-0.0366373248398304,-0.0340748131275177,0.030600029975175858,0.03586151450872421,0.010587096214294434,-0.0394970066845417,-0.028494942933321,0.0402592234313488,0.019604217261075974,-0.026202350854873657,-0.03695952147245407,0.003857773495838046,0.01731877401471138,0.010395968332886696,0.015504020266234875,-0.02810249850153923,-0.049447428435087204,-0.035104185342788696,0.0011515438091009855,0
org.apache.synapse.config.SynapseConfigurationBuilder,6,1,0,10,28,9,1,9,3,0.8,113,0.5,0,0.0,0.333333333,0,0,17.5,1,0.6667,0.0354439839720726,-0.00783964991569519,0.03973749279975891,-0.047443293035030365,-0.04014749452471733,-0.033201854676008224,-0.020017271861433983,0.02494608238339424,-0.01906779408454895,-0.04159952327609062,0.04205888509750366,-0.01873501017689705,0.043043483048677444,-0.02447875775396824,0.019592970609664917,0.024610083550214767,0.011963045224547386,-0.014094019308686256,0.014245623722672462,-0.04128118231892586,0
org.apache.synapse.metrics.MetricsAggregatorModule,6,1,0,11,13,15,0,11,6,2.0,35,0.0,0,0.0,0.361111111,0,0,4.833333333,1,0.8333,-0.018732035532593727,-0.003145617200061679,-0.008275991305708885,0.04936292767524719,0.00561602134257555,0.020036274567246437,0.017092783004045486,-0.04425651580095291,0.03360309079289436,0.040955156087875366,-0.008329207077622414,0.01166726928204298,-0.032396070659160614,-0.03062877617776394,0.04108022525906563,-0.01522709708660841,0.033700160682201385,0.007765925023704767,-0.009907817468047142,0.01527664065361023,0
org.apache.synapse.config.xml.HeaderMediatorFactory,5,2,0,12,39,6,0,12,3,0.833333333,224,0.666666667,0,0.25,0.416666667,0,0,43.2,13,3.0,-0.009065687656402588,0.03560082986950874,-0.012378459796309471,-0.006736546754837036,-0.04450281709432602,-0.049627065658569336,0.04474698752164841,-0.028769690543413162,-0.031864989548921585,0.025997037068009377,0.03334996849298477,-0.03415820747613907,0.004798799753189087,-0.030042368918657303,0.008236718364059925,-0.02144639566540718,-0.017203986644744873,0.010928332805633545,0.04330788925290108,0.033640552312135696,0
org.apache.synapse.config.xml.endpoints.SALoadbalanceEndpointSerializer,5,1,0,20,29,6,1,20,2,0.75,193,0.666666667,0,0.0,0.5,0,0,37.0,8,2.0,0.03655882924795151,0.025351310148835182,0.03378846496343613,0.0038143277633935213,0.03175445273518562,-0.017026830464601517,-0.004732006695121527,0.02884286642074585,-0.03760818764567375,-0.01968051865696907,-0.03755791112780571,-0.004650211427360773,0.04769059270620346,-0.03659583255648613,-0.01166884321719408,-0.009688705205917358,0.04038718342781067,-0.029654478654265404,0.00022581219673156738,-0.023768668994307518,0
org.apache.synapse.mediators.ext.ClassMediator,10,2,0,11,48,7,2,9,7,0.759259259,312,0.666666667,0,0.428571429,0.222222222,0,0,29.6,6,1.8,-0.026597071439027786,-0.028783386573195457,-0.038023222237825394,0.009532171301543713,0.0326293483376503,0.004410642199218273,0.006284743547439575,0.015857983380556107,0.04067332670092583,-0.03850030153989792,0.01130375824868679,-0.037370551377534866,0.018549060449004173,0.047552745789289474,0.0376012921333313,0.032130151987075806,0.040073879063129425,0.03275572508573532,0.03428338095545769,0.04341043904423714,0
org.apache.synapse.config.xml.endpoints.LoadbalanceEndpointFactory,9,1,0,13,39,28,1,13,3,0.833333333,171,0.666666667,1,0.0,0.232142857,0,0,17.66666667,5,1.4444,-0.04004104807972908,-0.03818948194384575,0.014616286382079124,-0.013973611406981945,-0.03464760258793831,-0.04064131900668144,0.04154589772224426,0.009952443651854992,-0.04664008691906929,-0.023963581770658493,0.015683691948652267,-0.023566031828522682,0.026404213160276413,-0.02116720750927925,0.013208979740738869,-0.04022843763232231,0.03104943037033081,0.024094443768262863,0.003935962915420532,0.015067237429320812,0
org.apache.synapse.statistics.StatisticsStack,4,1,0,7,4,6,6,1,4,2.0,4,0.0,0,0.0,0.7,0,0,0.0,1,1.0,-0.037563323974609375,-0.027018219232559204,0.03234686329960823,0.006777393631637096,-0.0330590084195137,0.00442194938659668,0.013385200873017311,-0.012644177302718163,-0.024800801649689674,0.025023777037858963,0.048109106719493866,-0.036823369562625885,-0.0005766093963757157,-0.012822294607758522,-0.0318257100880146,-0.006893277168273926,-0.026253927499055862,0.04529997706413269,-0.02895384468138218,0.018430376425385475,0
org.apache.synapse.config.xml.OMElementUtils,5,1,0,16,24,8,9,7,3,0.875,103,0.5,0,0.0,0.35,0,0,19.2,4,1.2,-0.03386673331260681,-0.0023383437655866146,-0.04383863881230354,0.01394718885421753,0.007992977276444435,-0.011598462238907814,0.025018954649567604,0.04874393343925476,0.042271338403224945,-0.009401124902069569,0.010290759615600109,-0.020018447190523148,-0.041207026690244675,0.03138978034257889,-0.009745907969772816,-0.0033310235012322664,-0.00885665975511074,-0.022678326815366745,0.02030854858458042,-0.021350901573896408,0
org.apache.synapse.config.xml.XSLTMediatorFactory,7,2,0,12,30,7,0,12,3,0.777777778,128,0.666666667,0,0.166666667,0.416666667,0,0,16.85714286,3,1.0,0.00013328790373634547,0.03330947086215019,0.007330113556236029,-0.044832609593868256,-0.03969302028417587,0.03275950998067856,-0.01892840303480625,0.03127496317028999,-0.03340516239404678,0.04239831119775772,-0.032581619918346405,0.016440099105238914,-0.005284929182380438,-0.033937640488147736,-0.016437983140349388,-0.005807059817016125,-0.02735469862818718,-0.006056738086044788,-0.03781656548380852,0.013233298435807228,0
org.apache.synapse.config.xml.EntrySerializer,5,1,0,13,26,6,1,12,2,0.75,145,0.8,0,0.0,0.3125,0,0,27.0,6,1.6,-0.03595471382141113,0.02116445265710354,0.010816973634064198,0.03720357269048691,-0.02444632723927498,-0.022821730002760887,-0.030490869656205177,0.01649683713912964,-0.02249731495976448,0.042614422738552094,-0.021444136276841164,-0.045527100563049316,-0.024081777781248093,0.032082449644804,-0.03185661882162094,-0.026307683438062668,-0.03652205318212509,0.03011130727827549,0.016787970438599586,0.014241951517760754,0
org.apache.synapse.core.SynapseEnvironment,5,1,0,13,5,10,11,3,5,2.0,5,0.0,0,0.0,0.45,0,0,0.0,1,1.0,0.010567575693130493,0.028675775974988937,-0.010582041926681995,0.01586148701608181,0.042218804359436035,0.00194035773165524,0.031472913920879364,-0.033717840909957886,0.03287910670042038,0.02344738319516182,0.02540174126625061,-0.04959392547607422,-0.0021472214721143246,0.016030561178922653,-0.02912994660437107,-0.03346893936395645,0.031819529831409454,-0.03411875292658806,-0.02591249905526638,0.04060919210314751,1
org.apache.synapse.core.axis2.Axis2FlexibleMEPClient,10,1,0,38,108,39,1,37,3,0.833333333,604,0.5,0,0.0,0.19047619,0,0,59.2,6,2.2,0.04360673949122429,-0.014278942719101906,0.047186512500047684,-0.028540372848510742,-0.048588622361421585,-0.043139517307281494,-0.020374173298478127,0.02354797162115574,-0.001209694193676114,0.04611756280064583,0.015546071343123913,0.01873883605003357,0.014981746673583984,0.04074324294924736,-0.01198357343673706,0.03703669458627701,-0.04768356680870056,0.014605432748794556,-0.0034083486534655094,0.0022612870670855045,1
org.apache.synapse.mediators.filters.InMediator,5,3,0,7,17,8,2,5,3,0.833333333,93,0.666666667,0,0.823529412,0.5,2,2,17.0,6,1.8,0.037187814712524414,-0.025528978556394577,-0.03006887435913086,-0.02824578247964382,-0.016895849257707596,-0.017055481672286987,-0.01597832515835762,-0.03746100515127182,0.0035438835620880127,-0.0028803586028516293,-0.008419996127486229,0.018785661086440086,-0.0381009466946125,-0.016107112169265747,0.025776708498597145,0.042719315737485886,-0.04904969781637192,0.03597668558359146,0.02654743753373623,-0.019398486241698265,0
org.apache.synapse.config.xml.endpoints.utils.LoadbalanceAlgorithmFactory,2,1,0,6,8,1,2,4,2,2.0,33,0.0,0,0.0,0.5,0,0,15.5,3,1.5,-0.03534960746765137,-0.04194531589746475,0.018945854157209396,-0.012884753756225109,-0.0209191981703043,-0.009624391794204712,-0.04937546327710152,0.0013026893138885498,-0.005283272359520197,-0.014857083559036255,0.012503224425017834,0.02346697449684143,0.031713031232357025,-0.03956873342394829,-0.0249449722468853,-0.04393734782934189,-0.044745177030563354,-0.018650304526090622,-0.006368529982864857,-0.04106316715478897,0
org.apache.synapse.endpoints.FailoverEndpoint,10,1,0,7,22,11,3,4,10,0.622222222,169,1.0,2,0.0,0.316666667,0,0,15.4,7,1.9,0.004933410789817572,0.01741543971002102,0.018571753054857254,-0.03392687439918518,0.044653814285993576,0.008681153878569603,-0.02893732115626335,0.04328341409564018,-0.006457388401031494,0.04093518853187561,-0.00753435492515564,0.034938257187604904,0.013631981797516346,-0.021798646077513695,-0.018739640712738037,0.04595891386270523,0.007959330454468727,-0.030035054311156273,0.001748114824295044,-0.009811991825699806,0
org.apache.synapse.config.xml.AnonymousListMediatorSerializer,5,3,0,8,18,8,1,7,2,0.75,61,0.5,0,0.75,0.3125,1,2,10.8,2,0.8,-0.010304952040314674,0.0486677885055542,-0.034282952547073364,-0.010958599857985973,0.03500499576330185,-0.0002787470875773579,-0.03147483617067337,-0.03196762874722481,0.04470197483897209,0.03214787691831589,0.02386796474456787,-0.01631023921072483,-0.046338099986314774,0.01893443986773491,0.035802751779556274,-0.028164446353912354,-0.03932506591081619,-0.014863699674606323,-0.02465949021279812,-0.011575555428862572,0
org.apache.synapse.registry.RegistryEntry,8,1,0,4,8,28,4,0,8,2.0,8,0.0,0,0.0,1.0,0,0,0.0,1,1.0,-0.012543832883238792,-0.029513288289308548,0.03741668537259102,-0.036298662424087524,-0.044830597937107086,-0.008947968482971191,-0.0418371856212616,0.0019510388374328613,0.009728670120239258,-0.012347417883574963,-0.03224005177617073,-0.001605898141860962,-0.005492520518600941,0.01746680773794651,0.04063506796956062,0.029277855530381203,0.04220493882894516,-0.04484085366129875,0.04721243306994438,-0.011828780174255371,0
org.apache.synapse.config.xml.ValidateMediatorFactory,7,3,0,13,35,7,0,13,3,0.80952381,203,0.857142857,0,0.375,0.416666667,1,1,27.0,9,1.8571,0.0038666545879095793,-0.04247888922691345,0.03904902935028076,0.046286456286907196,-0.013711636886000633,0.004001116845756769,0.003733259392902255,0.02738942578434944,-0.04303039237856865,0.00292227859608829,0.034347109496593475,0.011157971806824207,0.005623382516205311,-0.04661078006029129,0.04241183400154114,-0.031320638954639435,-0.014961868524551392,0.017468934878706932,-0.0038631379138678312,0.007056456990540028,0
org.apache.synapse.config.xml.FilterMediatorSerializer,6,3,0,12,31,13,0,12,3,0.866666667,141,0.333333333,0,0.692307692,0.4,1,2,22.0,6,1.6667,0.038483232259750366,0.04560320824384689,0.005677509121596813,-0.04162539914250374,0.04212508350610733,-0.01848115399479866,0.0287108663469553,0.021957898512482643,0.04844972491264343,-0.04646749049425125,0.046042025089263916,-0.04640763998031616,-0.03453855961561203,-0.045510970056056976,-0.027735549956560135,0.03684448078274727,0.0458223894238472,-0.016626756638288498,0.018615251407027245,-0.01812601648271084,0
org.apache.synapse.mediators.builtin.PropertyMediator,15,2,0,10,44,47,2,8,12,0.885714286,479,0.7,0,0.315789474,0.3,0,0,30.26666667,27,2.6,0.004932480864226818,0.04901185631752014,0.0464772991836071,0.03854033350944519,-0.030852634459733963,0.04991992563009262,0.029244935140013695,0.045363329350948334,-0.009975994005799294,0.016749680042266846,0.034167785197496414,-0.01946878433227539,0.033214252442121506,0.012814313173294067,0.046568650752305984,-0.01517902035266161,-0.015546846203505993,0.03107694908976555,-0.04539122432470322,-0.03626995533704758,1
org.apache.synapse.config.xml.MediatorPropertyFactory,4,1,0,13,31,4,4,9,2,0.833333333,185,0.5,0,0.0,0.333333333,0,0,44.75,11,3.0,-0.022267382591962814,0.006247854325920343,0.0019573091994971037,0.0405849926173687,0.0009140014881268144,0.03615792840719223,-0.041322577744722366,0.04216768220067024,-0.00944454688578844,0.04350576922297478,-0.03808418661355972,0.008981931023299694,0.0052824318408966064,0.00023002624220680445,-0.025516266003251076,-0.0462384894490242,-0.03632108494639397,-0.039755869656801224,0.009568637236952782,0.002392333699390292,0
org.apache.synapse.config.xml.endpoints.AddressEndpointFactory,9,1,0,11,58,28,1,10,4,0.75,465,0.666666667,1,0.0,0.25,0,0,50.33333333,30,4.5556,0.030629396438598633,-0.03221742436289787,-0.03382275626063347,0.01269479375332594,-0.00811909418553114,-0.030325639992952347,0.047496043145656586,-0.025650734081864357,-0.03277048468589783,-0.0005994260427542031,-0.01350713986903429,0.002222001552581787,-0.017687290906906128,-0.0020966529846191406,-0.003543078899383545,0.004114103503525257,0.04097408801317215,-0.028683537617325783,-0.008297639898955822,0.027858037501573563,1
org.apache.synapse.endpoints.Endpoint,7,1,0,43,7,21,43,1,7,2.0,7,0.0,0,0.0,0.428571429,0,0,0.0,1,1.0,0.007922625169157982,-0.038586586713790894,0.03692043572664261,0.0065611302852630615,0.03937598317861557,0.022265220060944557,-0.02196935936808586,0.018763404339551926,-0.003192424774169922,-0.049281246960163116,0.04121065139770508,0.04824686795473099,0.048266954720020294,-0.018999021500349045,-0.04224811866879463,0.024138521403074265,-0.03827740624547005,0.04266025871038437,0.013801252469420433,0.02801668643951416,0
org.apache.synapse.endpoints.LoadbalanceEndpoint,14,1,0,8,27,35,3,5,14,0.743589744,165,1.0,2,0.0,0.255102041,0,0,10.35714286,5,1.5714,-0.027999211102724075,-0.015446335077285767,-0.025672852993011475,0.017200607806444168,-0.04641317203640938,-0.029104262590408325,0.016706114634871483,0.0009882509475573897,0.029975509271025658,-0.01802789606153965,-2.9873848689021543e-05,0.01237500924617052,0.02730327844619751,0.008056938648223877,0.04908047243952751,0.01859106495976448,-0.035910893231630325,-0.007030373904854059,-0.041840650141239166,-0.026635367423295975,0
org.apache.synapse.config.xml.RegistrySerializer,5,1,0,11,27,6,1,10,2,0.75,120,0.8,0,0.0,0.3125,0,0,22.0,4,1.2,-0.03532418608665466,-0.02431325986981392,-0.018892819061875343,-0.042680997401475906,0.039778031408786774,-0.02421969175338745,0.04211806505918503,0.026312852278351784,-0.03275012969970703,0.019789356738328934,0.02735074795782566,-0.03713268041610718,-0.03702859953045845,-0.012376153841614723,-0.04312862828373909,-0.007907861843705177,-0.0020171641372144222,0.016498422250151634,0.00720940250903368,-0.004407107830047607,0
org.apache.synapse.config.xml.endpoints.LoadbalanceEndpointSerializer,2,1,0,14,16,0,1,14,2,0.0,102,1.0,0,0.0,0.75,0,0,49.5,6,3.0,0.0242486409842968,-0.030820131301879883,0.012595927342772484,0.0036972046364098787,-0.01696076989173889,-0.004896116442978382,0.049895625561475754,0.04572943598031998,-0.02230914868414402,0.045415133237838745,-0.028208816424012184,0.029654610902071,-0.015486091375350952,0.017158757895231247,0.015086132101714611,0.0345023050904274,-0.011869418434798717,0.043875180184841156,0.037947140634059906,-0.04773823171854019,0
org.apache.synapse.util.UUIDGenerator,5,1,0,3,32,4,3,0,2,0.65,198,0.8,0,0.0,0.25,0,0,37.6,5,2.0,-0.002681136131286621,0.0011821568477898836,0.025516748428344727,0.045046366751194,-0.04651474952697754,-0.035584043711423874,0.03229436278343201,0.04486494138836861,-0.02507713995873928,-0.018816858530044556,0.036902524530887604,-0.007667356636375189,-0.02268306538462639,0.03277025744318962,-0.024300802499055862,-0.009080087766051292,0.014382898807525635,0.004959368612617254,-0.041426073759794235,-0.04724409058690071,0
org.apache.synapse.core.axis2.Axis2MessageContext,60,1,0,45,147,490,17,29,56,0.898305085,867,0.909090909,2,0.0,0.103954802,0,0,13.26666667,10,1.4667,0.042998701333999634,-0.00016545652761124074,-0.00501865753903985,0.008328956551849842,1.6367435819120146e-05,0.0034258842933923006,-0.043004684150218964,-0.04797365516424179,-0.01157337985932827,0.04464099928736687,-0.01823793724179268,-0.03489096835255623,0.02439691498875618,0.005345589015632868,0.009255105629563332,0.018264781683683395,0.017603367567062378,0.028630608692765236,0.006171500775963068,0.004222315736114979,1
org.apache.synapse.mediators.builtin.ValidateMediator,16,3,0,17,88,56,3,15,10,0.848484848,595,0.909090909,1,0.5,0.257142857,2,2,35.5,9,2.125,0.048677749931812286,-0.048901915550231934,-0.03249744698405266,0.013918930664658546,0.03215993568301201,-0.026836836710572243,0.013762461952865124,0.04560655355453491,-0.03407710790634155,-0.03049955889582634,-0.024948209524154663,-0.018382061272859573,0.009248578920960426,0.04841316491365433,0.03218888118863106,0.0019854605197906494,0.012353843078017235,0.042202454060316086,0.04564489796757698,0.028143763542175293,0
org.apache.synapse.Mediator,4,1,0,55,4,6,55,1,4,2.0,4,0.0,0,0.0,0.5,0,0,0.0,1,1.0,-0.04191455990076065,-0.006560212466865778,0.009103184565901756,0.0370856411755085,-0.009817135520279408,-0.011626457795500755,0.04743577167391777,0.00039852262125350535,-0.012022608891129494,0.04302423447370529,0.013435018248856068,-0.02671986259520054,0.03294052928686142,0.02255076728761196,-0.03527233749628067,-0.0016158700454980135,0.0041724322363734245,0.028736788779497147,-0.008588272146880627,-0.01403264980763197,0
org.apache.synapse.config.xml.AnonymousListMediatorFactory,4,3,0,7,11,6,1,6,2,1.0,39,0.5,0,0.6,0.333333333,1,1,8.25,1,0.5,-0.03407854959368706,-0.022381287068128586,0.047179143875837326,-0.007959413342177868,-0.04714621230959892,-0.0027252077125012875,-0.022244613617658615,0.030000394210219383,-0.04791842773556709,0.014295006170868874,-0.0462641604244709,0.0062490045092999935,0.029995989054441452,0.036986738443374634,-0.03810731694102287,-0.030265117064118385,-0.03419220447540283,-0.039591699838638306,-0.04749540239572525,-0.010627483949065208,0
org.apache.synapse.config.xml.InMediatorSerializer,6,3,0,10,23,13,0,10,3,0.866666667,87,0.333333333,0,0.692307692,0.4,1,2,13.0,3,1.1667,-0.012389212846755981,-0.02110239304602146,0.02406168542802334,0.0220011118799448,-0.013266813941299915,-0.03670940548181534,-0.017829257994890213,-0.0016830742824822664,0.030479460954666138,-0.014186692424118519,-0.0006044745678082108,0.004398631863296032,-0.035478245466947556,0.010325009003281593,-0.00716211786493659,0.014010745100677013,0.024211108684539795,-0.00676009664312005,-0.013900714926421642,0.03869323804974556,0
org.apache.synapse.config.xml.RMSequenceMediatorSerializer,6,2,0,12,30,13,0,12,3,0.866666667,167,0.333333333,0,0.6,0.4,1,2,26.33333333,11,2.5,-0.0468503013253212,0.01913369819521904,0.02442239597439766,-0.032142817974090576,0.006042790599167347,-0.010374384932219982,0.00012201666686451063,-0.04941754415631294,0.013460022397339344,-0.023750532418489456,0.0054382323287427425,-0.007881122641265392,0.010983365587890148,-0.039407879114151,-0.013585919514298439,0.01331599336117506,0.026733409613370895,-0.01195757370442152,-0.047550469636917114,0.022529393434524536,0
org.apache.synapse.registry.Registry,8,1,0,10,8,28,7,3,8,2.0,8,0.0,0,0.0,0.4375,0,0,0.0,1,1.0,0.043485261499881744,0.011923086829483509,0.017926204949617386,-0.04790843650698662,-0.04743226617574692,0.04491960257291794,-0.014483839273452759,0.014082091860473156,0.032097212970256805,-0.0014996349345892668,0.04860948398709297,-0.00516857486218214,-0.04836437106132507,-0.035274237394332886,-0.00521578174084425,-0.043374501168727875,0.03710724040865898,0.018096666783094406,-0.043734729290008545,0.042398612946271896,0
org.apache.synapse.endpoints.algorithms.RoundRobin,3,1,0,6,7,0,3,3,3,0.25,76,1.0,0,0.0,0.555555556,0,0,23.66666667,4,1.6667,0.0009715437772683799,0.01072668470442295,0.0053282142616808414,0.03793347626924515,-0.022108471021056175,0.0016229867469519377,0.03503267839550972,0.011258971877396107,0.021213751286268234,0.021516388282179832,-0.006328231189399958,-0.04161287471652031,0.015221280045807362,-0.04436571151018143,-0.013304298743605614,-0.04696022346615791,-0.002310079289600253,-0.03931645676493645,0.03706987947225571,-0.024451589211821556,0
org.apache.synapse.core.axis2.ProxyService,54,1,0,34,136,1269,8,28,50,0.959468903,806,0.925925926,4,0.0,0.119013062,0,0,13.42592593,23,1.3704,0.04824263975024223,0.03662414476275444,0.0063082813285291195,-0.017026180401444435,-0.002253300044685602,0.002113115740939975,-0.03204602748155594,0.028725791722536087,0.011857008561491966,0.01888967677950859,-0.03627508878707886,0.04263145476579666,0.002541267778724432,-0.001019632793031633,-0.04535803943872452,0.020243775099515915,0.03381717950105667,0.036775462329387665,-0.032087624073028564,-0.039280302822589874,0
org.apache.synapse.config.xml.SynapseMediatorSerializer,6,3,0,10,23,13,0,10,3,0.866666667,87,0.333333333,0,0.692307692,0.4,1,2,13.0,3,1.1667,-0.03569507598876953,0.006205153651535511,-0.0358835831284523,-0.011223089881241322,0.01859651878476143,0.029165619984269142,0.005990916397422552,0.010513657703995705,-0.020551955327391624,0.03612666577100754,-0.031535208225250244,0.023236077278852463,-0.04109986498951912,0.010182338766753674,-0.024885261431336403,-0.02123844064772129,-0.015544921159744263,0.028276044875383377,0.028992002829909325,-0.024873245507478714,0
org.apache.synapse.config.xml.HeaderMediatorSerializer,6,2,0,12,34,13,0,12,3,0.866666667,190,0.333333333,0,0.6,0.4,1,2,30.16666667,10,2.3333,0.01021462120115757,-0.027189427986741066,0.041044462472200394,0.02716454304754734,0.015922170132398605,0.020512843504548073,0.04328574985265732,0.03636017441749573,-0.004167365841567516,-0.03536384180188179,0.041902363300323486,0.036167919635772705,0.008652359247207642,-0.006737458519637585,-0.02945045754313469,-0.02266545221209526,0.04323983192443848,-0.015675539150834084,-0.03169409558176994,0.04935038834810257,0
org.apache.synapse.core.axis2.SynapseCallbackReceiver,7,1,0,34,96,9,2,32,3,0.833333333,527,0.75,0,0.0,0.361111111,0,0,73.71428571,20,4.2857,0.04174455255270004,-0.0028654574416577816,-0.047183893620967865,0.023918187245726585,-0.030225688591599464,0.03340746834874153,0.02686889097094536,-0.025228362530469894,0.012847143225371838,0.027083206921815872,-0.017926525324583054,-0.007580167148262262,0.045847855508327484,0.045316047966480255,-0.046964824199676514,0.03783654421567917,0.04944024607539177,-0.014200848527252674,0.012296730652451515,-0.014016753062605858,1
